country,year,PR,CL,Status,FH_category,FH_F,FH_NF,FH_PF
Afghanistan,2008,5,6,NF,0,0,1,0
Afghanistan,2009,6,6,NF,0,0,1,0
Afghanistan,2010,6,6,NF,0,0,1,0
Afghanistan,2011,6,6,NF,0,0,1,0
Afghanistan,2012,6,6,NF,0,0,1,0
Afghanistan,2013,6,6,NF,0,0,1,0
Afghanistan,2014,6,6,NF,0,0,1,0
Afghanistan,2015,6,6,NF,0,0,1,0
Afghanistan,2016,6,6,NF,0,0,1,0
Afghanistan,2017,5,6,NF,0,0,1,0
Albania,2008,3,3,PF,1,0,0,1
Albania,2009,3,3,PF,1,0,0,1
Albania,2010,3,3,PF,1,0,0,1
Albania,2011,3,3,PF,1,0,0,1
Albania,2012,3,3,PF,1,0,0,1
Albania,2013,3,3,PF,1,0,0,1
Albania,2014,3,3,PF,1,0,0,1
Albania,2015,3,3,PF,1,0,0,1
Albania,2016,3,3,PF,1,0,0,1
Albania,2017,3,3,PF,1,0,0,1
Algeria,2008,6,5,NF,0,0,1,0
Algeria,2009,6,5,NF,0,0,1,0
Algeria,2010,6,5,NF,0,0,1,0
Algeria,2011,6,5,NF,0,0,1,0
Algeria,2012,6,5,NF,0,0,1,0
Algeria,2013,6,5,NF,0,0,1,0
Algeria,2014,6,5,NF,0,0,1,0
Algeria,2015,6,5,NF,0,0,1,0
Algeria,2016,6,5,NF,0,0,1,0
Algeria,2017,6,5,NF,0,0,1,0
Andorra,2008,1,1,F,2,1,0,0
Andorra,2009,1,1,F,2,1,0,0
Andorra,2010,1,1,F,2,1,0,0
Andorra,2011,1,1,F,2,1,0,0
Andorra,2012,1,1,F,2,1,0,0
Andorra,2013,1,1,F,2,1,0,0
Andorra,2014,1,1,F,2,1,0,0
Andorra,2015,1,1,F,2,1,0,0
Andorra,2016,1,1,F,2,1,0,0
Andorra,2017,1,1,F,2,1,0,0
Angola,2008,6,5,NF,0,0,1,0
Angola,2009,6,5,NF,0,0,1,0
Angola,2010,6,5,NF,0,0,1,0
Angola,2011,6,5,NF,0,0,1,0
Angola,2012,6,5,NF,0,0,1,0
Angola,2013,6,5,NF,0,0,1,0
Angola,2014,6,5,NF,0,0,1,0
Angola,2015,6,6,NF,0,0,1,0
Angola,2016,6,6,NF,0,0,1,0
Angola,2017,6,6,NF,0,0,1,0
Antigua and Barbuda,2008,2,2,F,2,1,0,0
Antigua and Barbuda,2009,3,2,F,2,1,0,0
Antigua and Barbuda,2010,3,2,F,2,1,0,0
Antigua and Barbuda,2011,3,2,F,2,1,0,0
Antigua and Barbuda,2012,2,2,F,2,1,0,0
Antigua and Barbuda,2013,2,2,F,2,1,0,0
Antigua and Barbuda,2014,2,2,F,2,1,0,0
Antigua and Barbuda,2015,2,2,F,2,1,0,0
Antigua and Barbuda,2016,2,2,F,2,1,0,0
Antigua and Barbuda,2017,2,2,F,2,1,0,0
Argentina,2008,2,2,F,2,1,0,0
Argentina,2009,2,2,F,2,1,0,0
Argentina,2010,2,2,F,2,1,0,0
Argentina,2011,2,2,F,2,1,0,0
Argentina,2012,2,2,F,2,1,0,0
Argentina,2013,2,2,F,2,1,0,0
Argentina,2014,2,2,F,2,1,0,0
Argentina,2015,2,2,F,2,1,0,0
Argentina,2016,2,2,F,2,1,0,0
Argentina,2017,2,2,F,2,1,0,0
Armenia,2008,6,4,PF,1,0,0,1
Armenia,2009,6,4,PF,1,0,0,1
Armenia,2010,6,4,PF,1,0,0,1
Armenia,2011,6,4,PF,1,0,0,1
Armenia,2012,5,4,PF,1,0,0,1
Armenia,2013,5,4,PF,1,0,0,1
Armenia,2014,5,4,PF,1,0,0,1
Armenia,2015,5,4,PF,1,0,0,1
Armenia,2016,5,4,PF,1,0,0,1
Armenia,2017,5,4,PF,1,0,0,1
Australia,2008,1,1,F,2,1,0,0
Australia,2009,1,1,F,2,1,0,0
Australia,2010,1,1,F,2,1,0,0
Australia,2011,1,1,F,2,1,0,0
Australia,2012,1,1,F,2,1,0,0
Australia,2013,1,1,F,2,1,0,0
Australia,2014,1,1,F,2,1,0,0
Australia,2015,1,1,F,2,1,0,0
Australia,2016,1,1,F,2,1,0,0
Australia,2017,1,1,F,2,1,0,0
Austria,2008,1,1,F,2,1,0,0
Austria,2009,1,1,F,2,1,0,0
Austria,2010,1,1,F,2,1,0,0
Austria,2011,1,1,F,2,1,0,0
Austria,2012,1,1,F,2,1,0,0
Austria,2013,1,1,F,2,1,0,0
Austria,2014,1,1,F,2,1,0,0
Austria,2015,1,1,F,2,1,0,0
Austria,2016,1,1,F,2,1,0,0
Austria,2017,1,1,F,2,1,0,0
Azerbaijan,2008,6,5,NF,0,0,1,0
Azerbaijan,2009,6,5,NF,0,0,1,0
Azerbaijan,2010,6,5,NF,0,0,1,0
Azerbaijan,2011,6,5,NF,0,0,1,0
Azerbaijan,2012,6,5,NF,0,0,1,0
Azerbaijan,2013,6,6,NF,0,0,1,0
Azerbaijan,2014,6,6,NF,0,0,1,0
Azerbaijan,2015,7,6,NF,0,0,1,0
Azerbaijan,2016,7,6,NF,0,0,1,0
Azerbaijan,2017,7,6,NF,0,0,1,0
Bahamas,2008,1,1,F,2,1,0,0
Bahamas,2009,1,1,F,2,1,0,0
Bahamas,2010,1,1,F,2,1,0,0
Bahamas,2011,1,1,F,2,1,0,0
Bahamas,2012,1,1,F,2,1,0,0
Bahamas,2013,1,1,F,2,1,0,0
Bahamas,2014,1,1,F,2,1,0,0
Bahamas,2015,1,1,F,2,1,0,0
Bahamas,2016,1,1,F,2,1,0,0
Bahamas,2017,1,1,F,2,1,0,0
Bahrain,2008,5,5,PF,1,0,0,1
Bahrain,2009,6,5,NF,0,0,1,0
Bahrain,2010,6,5,NF,0,0,1,0
Bahrain,2011,6,6,NF,0,0,1,0
Bahrain,2012,6,6,NF,0,0,1,0
Bahrain,2013,6,6,NF,0,0,1,0
Bahrain,2014,7,6,NF,0,0,1,0
Bahrain,2015,7,6,NF,0,0,1,0
Bahrain,2016,7,6,NF,0,0,1,0
Bahrain,2017,7,6,NF,0,0,1,0
Bangladesh,2008,4,4,PF,1,0,0,1
Bangladesh,2009,3,4,PF,1,0,0,1
Bangladesh,2010,3,4,PF,1,0,0,1
Bangladesh,2011,3,4,PF,1,0,0,1
Bangladesh,2012,3,4,PF,1,0,0,1
Bangladesh,2013,3,4,PF,1,0,0,1
Bangladesh,2014,4,4,PF,1,0,0,1
Bangladesh,2015,4,4,PF,1,0,0,1
Bangladesh,2016,4,4,PF,1,0,0,1
Bangladesh,2017,4,4,PF,1,0,0,1
Barbados,2008,1,1,F,2,1,0,0
Barbados,2009,1,1,F,2,1,0,0
Barbados,2010,1,1,F,2,1,0,0
Barbados,2011,1,1,F,2,1,0,0
Barbados,2012,1,1,F,2,1,0,0
Barbados,2013,1,1,F,2,1,0,0
Barbados,2014,1,1,F,2,1,0,0
Barbados,2015,1,1,F,2,1,0,0
Barbados,2016,1,1,F,2,1,0,0
Barbados,2017,1,1,F,2,1,0,0
Belarus,2008,7,6,NF,0,0,1,0
Belarus,2009,7,6,NF,0,0,1,0
Belarus,2010,7,6,NF,0,0,1,0
Belarus,2011,7,6,NF,0,0,1,0
Belarus,2012,7,6,NF,0,0,1,0
Belarus,2013,7,6,NF,0,0,1,0
Belarus,2014,7,6,NF,0,0,1,0
Belarus,2015,7,6,NF,0,0,1,0
Belarus,2016,7,6,NF,0,0,1,0
Belarus,2017,6,6,NF,0,0,1,0
Belgium,2008,1,1,F,2,1,0,0
Belgium,2009,1,1,F,2,1,0,0
Belgium,2010,1,1,F,2,1,0,0
Belgium,2011,1,1,F,2,1,0,0
Belgium,2012,1,1,F,2,1,0,0
Belgium,2013,1,1,F,2,1,0,0
Belgium,2014,1,1,F,2,1,0,0
Belgium,2015,1,1,F,2,1,0,0
Belgium,2016,1,1,F,2,1,0,0
Belgium,2017,1,1,F,2,1,0,0
Belize,2008,1,2,F,2,1,0,0
Belize,2009,1,2,F,2,1,0,0
Belize,2010,1,2,F,2,1,0,0
Belize,2011,1,2,F,2,1,0,0
Belize,2012,1,2,F,2,1,0,0
Belize,2013,1,2,F,2,1,0,0
Belize,2014,1,2,F,2,1,0,0
Belize,2015,1,2,F,2,1,0,0
Belize,2016,1,2,F,2,1,0,0
Belize,2017,1,2,F,2,1,0,0
Benin,2008,2,2,F,2,1,0,0
Benin,2009,2,2,F,2,1,0,0
Benin,2010,2,2,F,2,1,0,0
Benin,2011,2,2,F,2,1,0,0
Benin,2012,2,2,F,2,1,0,0
Benin,2013,2,2,F,2,1,0,0
Benin,2014,2,2,F,2,1,0,0
Benin,2015,2,2,F,2,1,0,0
Benin,2016,2,2,F,2,1,0,0
Benin,2017,2,2,F,2,1,0,0
Bhutan,2008,4,5,PF,1,0,0,1
Bhutan,2009,4,5,PF,1,0,0,1
Bhutan,2010,4,5,PF,1,0,0,1
Bhutan,2011,4,5,PF,1,0,0,1
Bhutan,2012,4,5,PF,1,0,0,1
Bhutan,2013,3,4,PF,1,0,0,1
Bhutan,2014,3,4,PF,1,0,0,1
Bhutan,2015,3,4,PF,1,0,0,1
Bhutan,2016,3,4,PF,1,0,0,1
Bhutan,2017,3,4,PF,1,0,0,1
Bolivia,2008,3,3,PF,1,0,0,1
Bolivia,2009,3,3,PF,1,0,0,1
Bolivia,2010,3,3,PF,1,0,0,1
Bolivia,2011,3,3,PF,1,0,0,1
Bolivia,2012,3,3,PF,1,0,0,1
Bolivia,2013,3,3,PF,1,0,0,1
Bolivia,2014,3,3,PF,1,0,0,1
Bolivia,2015,3,3,PF,1,0,0,1
Bolivia,2016,3,3,PF,1,0,0,1
Bolivia,2017,3,3,PF,1,0,0,1
Bosnia and Herzegovina,2008,4,3,PF,1,0,0,1
Bosnia and Herzegovina,2009,4,3,PF,1,0,0,1
Bosnia and Herzegovina,2010,4,3,PF,1,0,0,1
Bosnia and Herzegovina,2011,4,3,PF,1,0,0,1
Bosnia and Herzegovina,2012,3,3,PF,1,0,0,1
Bosnia and Herzegovina,2013,3,3,PF,1,0,0,1
Bosnia and Herzegovina,2014,4,3,PF,1,0,0,1
Bosnia and Herzegovina,2015,4,3,PF,1,0,0,1
Bosnia and Herzegovina,2016,4,4,PF,1,0,0,1
Bosnia and Herzegovina,2017,4,4,PF,1,0,0,1
Botswana,2008,2,2,F,2,1,0,0
Botswana,2009,3,2,F,2,1,0,0
Botswana,2010,3,2,F,2,1,0,0
Botswana,2011,3,2,F,2,1,0,0
Botswana,2012,3,2,F,2,1,0,0
Botswana,2013,3,2,F,2,1,0,0
Botswana,2014,3,2,F,2,1,0,0
Botswana,2015,3,2,F,2,1,0,0
Botswana,2016,3,2,F,2,1,0,0
Botswana,2017,3,2,F,2,1,0,0
Brazil,2008,2,2,F,2,1,0,0
Brazil,2009,2,2,F,2,1,0,0
Brazil,2010,2,2,F,2,1,0,0
Brazil,2011,2,2,F,2,1,0,0
Brazil,2012,2,2,F,2,1,0,0
Brazil,2013,2,2,F,2,1,0,0
Brazil,2014,2,2,F,2,1,0,0
Brazil,2015,2,2,F,2,1,0,0
Brazil,2016,2,2,F,2,1,0,0
Brazil,2017,2,2,F,2,1,0,0
Brunei,2008,6,5,NF,0,0,1,0
Brunei,2009,6,5,NF,0,0,1,0
Brunei,2010,6,5,NF,0,0,1,0
Brunei,2011,6,5,NF,0,0,1,0
Brunei,2012,6,5,NF,0,0,1,0
Brunei,2013,6,5,NF,0,0,1,0
Brunei,2014,6,5,NF,0,0,1,0
Brunei,2015,6,5,NF,0,0,1,0
Brunei,2016,6,5,NF,0,0,1,0
Brunei,2017,6,5,NF,0,0,1,0
Bulgaria,2008,2,2,F,2,1,0,0
Bulgaria,2009,2,2,F,2,1,0,0
Bulgaria,2010,2,2,F,2,1,0,0
Bulgaria,2011,2,2,F,2,1,0,0
Bulgaria,2012,2,2,F,2,1,0,0
Bulgaria,2013,2,2,F,2,1,0,0
Bulgaria,2014,2,2,F,2,1,0,0
Bulgaria,2015,2,2,F,2,1,0,0
Bulgaria,2016,2,2,F,2,1,0,0
Bulgaria,2017,2,2,F,2,1,0,0
Burkina Faso,2008,5,3,PF,1,0,0,1
Burkina Faso,2009,5,3,PF,1,0,0,1
Burkina Faso,2010,5,3,PF,1,0,0,1
Burkina Faso,2011,5,3,PF,1,0,0,1
Burkina Faso,2012,5,3,PF,1,0,0,1
Burkina Faso,2013,5,3,PF,1,0,0,1
Burkina Faso,2014,6,3,PF,1,0,0,1
Burkina Faso,2015,4,3,PF,1,0,0,1
Burkina Faso,2016,4,3,PF,1,0,0,1
Burkina Faso,2017,4,3,PF,1,0,0,1
Burundi,2008,4,5,PF,1,0,0,1
Burundi,2009,4,5,PF,1,0,0,1
Burundi,2010,5,5,PF,1,0,0,1
Burundi,2011,5,5,PF,1,0,0,1
Burundi,2012,5,5,PF,1,0,0,1
Burundi,2013,5,5,PF,1,0,0,1
Burundi,2014,6,5,NF,0,0,1,0
Burundi,2015,7,6,NF,0,0,1,0
Burundi,2016,7,6,NF,0,0,1,0
Burundi,2017,7,6,NF,0,0,1,0
Cambodia,2008,6,5,NF,0,0,1,0
Cambodia,2009,6,5,NF,0,0,1,0
Cambodia,2010,6,5,NF,0,0,1,0
Cambodia,2011,6,5,NF,0,0,1,0
Cambodia,2012,6,5,NF,0,0,1,0
Cambodia,2013,6,5,NF,0,0,1,0
Cambodia,2014,6,5,NF,0,0,1,0
Cambodia,2015,6,5,NF,0,0,1,0
Cambodia,2016,6,5,NF,0,0,1,0
Cambodia,2017,6,5,NF,0,0,1,0
Cameroon,2008,6,6,NF,0,0,1,0
Cameroon,2009,6,6,NF,0,0,1,0
Cameroon,2010,6,6,NF,0,0,1,0
Cameroon,2011,6,6,NF,0,0,1,0
Cameroon,2012,6,6,NF,0,0,1,0
Cameroon,2013,6,6,NF,0,0,1,0
Cameroon,2014,6,6,NF,0,0,1,0
Cameroon,2015,6,6,NF,0,0,1,0
Cameroon,2016,6,6,NF,0,0,1,0
Cameroon,2017,6,6,NF,0,0,1,0
Canada,2008,1,1,F,2,1,0,0
Canada,2009,1,1,F,2,1,0,0
Canada,2010,1,1,F,2,1,0,0
Canada,2011,1,1,F,2,1,0,0
Canada,2012,1,1,F,2,1,0,0
Canada,2013,1,1,F,2,1,0,0
Canada,2014,1,1,F,2,1,0,0
Canada,2015,1,1,F,2,1,0,0
Canada,2016,1,1,F,2,1,0,0
Canada,2017,1,1,F,2,1,0,0
Cape Verde,2008,1,1,F,2,1,0,0
Cape Verde,2009,1,1,F,2,1,0,0
Cape Verde,2010,1,1,F,2,1,0,0
Cape Verde,2011,1,1,F,2,1,0,0
Cape Verde,2012,1,1,F,2,1,0,0
Cape Verde,2013,1,1,F,2,1,0,0
Cape Verde,2014,1,1,F,2,1,0,0
Cape Verde,2015,1,1,F,2,1,0,0
Cape Verde,2016,1,1,F,2,1,0,0
Cape Verde,2017,1,1,F,2,1,0,0
Central African Republic,2008,5,5,PF,1,0,0,1
Central African Republic,2009,5,5,PF,1,0,0,1
Central African Republic,2010,5,5,PF,1,0,0,1
Central African Republic,2011,5,5,PF,1,0,0,1
Central African Republic,2012,5,5,PF,1,0,0,1
Central African Republic,2013,7,7,NF,0,0,1,0
Central African Republic,2014,7,7,NF,0,0,1,0
Central African Republic,2015,7,7,NF,0,0,1,0
Central African Republic,2016,7,7,NF,0,0,1,0
Central African Republic,2017,7,7,NF,0,0,1,0
Chad,2008,7,6,NF,0,0,1,0
Chad,2009,7,6,NF,0,0,1,0
Chad,2010,7,6,NF,0,0,1,0
Chad,2011,7,6,NF,0,0,1,0
Chad,2012,7,6,NF,0,0,1,0
Chad,2013,7,6,NF,0,0,1,0
Chad,2014,7,6,NF,0,0,1,0
Chad,2015,7,6,NF,0,0,1,0
Chad,2016,7,6,NF,0,0,1,0
Chad,2017,7,6,NF,0,0,1,0
Chile,2008,1,1,F,2,1,0,0
Chile,2009,1,1,F,2,1,0,0
Chile,2010,1,1,F,2,1,0,0
Chile,2011,1,1,F,2,1,0,0
Chile,2012,1,1,F,2,1,0,0
Chile,2013,1,1,F,2,1,0,0
Chile,2014,1,1,F,2,1,0,0
Chile,2015,1,1,F,2,1,0,0
Chile,2016,1,1,F,2,1,0,0
Chile,2017,1,1,F,2,1,0,0
China,2008,7,6,NF,0,0,1,0
China,2009,7,6,NF,0,0,1,0
China,2010,7,6,NF,0,0,1,0
China,2011,7,6,NF,0,0,1,0
China,2012,7,6,NF,0,0,1,0
China,2013,7,6,NF,0,0,1,0
China,2014,7,6,NF,0,0,1,0
China,2015,7,6,NF,0,0,1,0
China,2016,7,6,NF,0,0,1,0
China,2017,7,6,NF,0,0,1,0
Colombia,2008,3,4,PF,1,0,0,1
Colombia,2009,3,4,PF,1,0,0,1
Colombia,2010,3,4,PF,1,0,0,1
Colombia,2011,3,4,PF,1,0,0,1
Colombia,2012,3,4,PF,1,0,0,1
Colombia,2013,3,4,PF,1,0,0,1
Colombia,2014,3,4,PF,1,0,0,1
Colombia,2015,3,4,PF,1,0,0,1
Colombia,2016,3,3,PF,1,0,0,1
Colombia,2017,3,3,PF,1,0,0,1
Comoros,2008,3,4,PF,1,0,0,1
Comoros,2009,3,4,PF,1,0,0,1
Comoros,2010,3,4,PF,1,0,0,1
Comoros,2011,3,4,PF,1,0,0,1
Comoros,2012,3,4,PF,1,0,0,1
Comoros,2013,3,4,PF,1,0,0,1
Comoros,2014,3,4,PF,1,0,0,1
Comoros,2015,3,4,PF,1,0,0,1
Comoros,2016,3,4,PF,1,0,0,1
Comoros,2017,3,4,PF,1,0,0,1
Congo (Brazzaville),2008,6,5,NF,0,0,1,0
Congo (Brazzaville),2009,6,5,NF,0,0,1,0
Congo (Brazzaville),2010,6,5,NF,0,0,1,0
Congo (Brazzaville),2011,6,5,NF,0,0,1,0
Congo (Brazzaville),2012,6,5,NF,0,0,1,0
Congo (Brazzaville),2013,6,5,NF,0,0,1,0
Congo (Brazzaville),2014,6,5,NF,0,0,1,0
Congo (Brazzaville),2015,6,5,NF,0,0,1,0
Congo (Brazzaville),2016,7,5,NF,0,0,1,0
Congo (Brazzaville),2017,7,5,NF,0,0,1,0
Congo (Kinshasa),2008,6,6,NF,0,0,1,0
Congo (Kinshasa),2009,6,6,NF,0,0,1,0
Congo (Kinshasa),2010,6,6,NF,0,0,1,0
Congo (Kinshasa),2011,6,6,NF,0,0,1,0
Congo (Kinshasa),2012,6,6,NF,0,0,1,0
Congo (Kinshasa),2013,6,6,NF,0,0,1,0
Congo (Kinshasa),2014,6,6,NF,0,0,1,0
Congo (Kinshasa),2015,6,6,NF,0,0,1,0
Congo (Kinshasa),2016,7,6,NF,0,0,1,0
Congo (Kinshasa),2017,7,6,NF,0,0,1,0
Costa Rica,2008,1,1,F,2,1,0,0
Costa Rica,2009,1,1,F,2,1,0,0
Costa Rica,2010,1,1,F,2,1,0,0
Costa Rica,2011,1,1,F,2,1,0,0
Costa Rica,2012,1,1,F,2,1,0,0
Costa Rica,2013,1,1,F,2,1,0,0
Costa Rica,2014,1,1,F,2,1,0,0
Costa Rica,2015,1,1,F,2,1,0,0
Costa Rica,2016,1,1,F,2,1,0,0
Costa Rica,2017,1,1,F,2,1,0,0
Cote d'Ivoire,2008,6,5,NF,0,0,1,0
Cote d'Ivoire,2009,6,5,NF,0,0,1,0
Cote d'Ivoire,2010,7,6,NF,0,0,1,0
Cote d'Ivoire,2011,6,6,NF,0,0,1,0
Cote d'Ivoire,2012,5,5,PF,1,0,0,1
Cote d'Ivoire,2013,5,4,PF,1,0,0,1
Cote d'Ivoire,2014,5,4,PF,1,0,0,1
Cote d'Ivoire,2015,4,4,PF,1,0,0,1
Cote d'Ivoire,2016,4,4,PF,1,0,0,1
Cote d'Ivoire,2017,4,4,PF,1,0,0,1
Croatia,2008,2,2,F,2,1,0,0
Croatia,2009,1,2,F,2,1,0,0
Croatia,2010,1,2,F,2,1,0,0
Croatia,2011,1,2,F,2,1,0,0
Croatia,2012,1,2,F,2,1,0,0
Croatia,2013,1,2,F,2,1,0,0
Croatia,2014,1,2,F,2,1,0,0
Croatia,2015,1,2,F,2,1,0,0
Croatia,2016,1,2,F,2,1,0,0
Croatia,2017,1,2,F,2,1,0,0
Cuba,2008,7,6,NF,0,0,1,0
Cuba,2009,7,6,NF,0,0,1,0
Cuba,2010,7,6,NF,0,0,1,0
Cuba,2011,7,6,NF,0,0,1,0
Cuba,2012,7,6,NF,0,0,1,0
Cuba,2013,7,6,NF,0,0,1,0
Cuba,2014,7,6,NF,0,0,1,0
Cuba,2015,7,6,NF,0,0,1,0
Cuba,2016,7,6,NF,0,0,1,0
Cuba,2017,7,6,NF,0,0,1,0
Cyprus,2008,1,1,F,2,1,0,0
Cyprus,2009,1,1,F,2,1,0,0
Cyprus,2010,1,1,F,2,1,0,0
Cyprus,2011,1,1,F,2,1,0,0
Cyprus,2012,1,1,F,2,1,0,0
Cyprus,2013,1,1,F,2,1,0,0
Cyprus,2014,1,1,F,2,1,0,0
Cyprus,2015,1,1,F,2,1,0,0
Cyprus,2016,1,1,F,2,1,0,0
Cyprus,2017,1,1,F,2,1,0,0
Czech Republic,2008,1,1,F,2,1,0,0
Czech Republic,2009,1,1,F,2,1,0,0
Czech Republic,2010,1,1,F,2,1,0,0
Czech Republic,2011,1,1,F,2,1,0,0
Czech Republic,2012,1,1,F,2,1,0,0
Czech Republic,2013,1,1,F,2,1,0,0
Czech Republic,2014,1,1,F,2,1,0,0
Czech Republic,2015,1,1,F,2,1,0,0
Czech Republic,2016,1,1,F,2,1,0,0
Czech Republic,2017,1,1,F,2,1,0,0
Denmark,2008,1,1,F,2,1,0,0
Denmark,2009,1,1,F,2,1,0,0
Denmark,2010,1,1,F,2,1,0,0
Denmark,2011,1,1,F,2,1,0,0
Denmark,2012,1,1,F,2,1,0,0
Denmark,2013,1,1,F,2,1,0,0
Denmark,2014,1,1,F,2,1,0,0
Denmark,2015,1,1,F,2,1,0,0
Denmark,2016,1,1,F,2,1,0,0
Denmark,2017,1,1,F,2,1,0,0
Djibouti,2008,5,5,PF,1,0,0,1
Djibouti,2009,5,5,PF,1,0,0,1
Djibouti,2010,6,5,NF,0,0,1,0
Djibouti,2011,6,5,NF,0,0,1,0
Djibouti,2012,6,5,NF,0,0,1,0
Djibouti,2013,6,5,NF,0,0,1,0
Djibouti,2014,6,5,NF,0,0,1,0
Djibouti,2015,6,5,NF,0,0,1,0
Djibouti,2016,6,5,NF,0,0,1,0
Djibouti,2017,6,5,NF,0,0,1,0
Dominica,2008,1,1,F,2,1,0,0
Dominica,2009,1,1,F,2,1,0,0
Dominica,2010,1,1,F,2,1,0,0
Dominica,2011,1,1,F,2,1,0,0
Dominica,2012,1,1,F,2,1,0,0
Dominica,2013,1,1,F,2,1,0,0
Dominica,2014,1,1,F,2,1,0,0
Dominica,2015,1,1,F,2,1,0,0
Dominica,2016,1,1,F,2,1,0,0
Dominica,2017,1,1,F,2,1,0,0
Dominican Republic,2008,2,2,F,2,1,0,0
Dominican Republic,2009,2,2,F,2,1,0,0
Dominican Republic,2010,2,2,F,2,1,0,0
Dominican Republic,2011,2,2,F,2,1,0,0
Dominican Republic,2012,2,2,F,2,1,0,0
Dominican Republic,2013,2,3,F,2,1,0,0
Dominican Republic,2014,2,3,F,2,1,0,0
Dominican Republic,2015,3,3,PF,1,0,0,1
Dominican Republic,2016,3,3,PF,1,0,0,1
Dominican Republic,2017,3,3,PF,1,0,0,1
Ecuador,2008,3,3,PF,1,0,0,1
Ecuador,2009,3,3,PF,1,0,0,1
Ecuador,2010,3,3,PF,1,0,0,1
Ecuador,2011,3,3,PF,1,0,0,1
Ecuador,2012,3,3,PF,1,0,0,1
Ecuador,2013,3,3,PF,1,0,0,1
Ecuador,2014,3,3,PF,1,0,0,1
Ecuador,2015,3,3,PF,1,0,0,1
Ecuador,2016,3,4,PF,1,0,0,1
Ecuador,2017,3,3,PF,1,0,0,1
Egypt,2008,6,5,NF,0,0,1,0
Egypt,2009,6,5,NF,0,0,1,0
Egypt,2010,6,5,NF,0,0,1,0
Egypt,2011,6,5,NF,0,0,1,0
Egypt,2012,5,5,PF,1,0,0,1
Egypt,2013,6,5,NF,0,0,1,0
Egypt,2014,6,5,NF,0,0,1,0
Egypt,2015,6,5,NF,0,0,1,0
Egypt,2016,6,5,NF,0,0,1,0
Egypt,2017,6,6,NF,0,0,1,0
El Salvador,2008,2,3,F,2,1,0,0
El Salvador,2009,2,3,F,2,1,0,0
El Salvador,2010,2,3,F,2,1,0,0
El Salvador,2011,2,3,F,2,1,0,0
El Salvador,2012,2,3,F,2,1,0,0
El Salvador,2013,2,3,F,2,1,0,0
El Salvador,2014,2,3,F,2,1,0,0
El Salvador,2015,2,3,F,2,1,0,0
El Salvador,2016,2,3,F,2,1,0,0
El Salvador,2017,2,3,F,2,1,0,0
Equatorial Guinea,2008,7,7,NF,0,0,1,0
Equatorial Guinea,2009,7,7,NF,0,0,1,0
Equatorial Guinea,2010,7,7,NF,0,0,1,0
Equatorial Guinea,2011,7,7,NF,0,0,1,0
Equatorial Guinea,2012,7,7,NF,0,0,1,0
Equatorial Guinea,2013,7,7,NF,0,0,1,0
Equatorial Guinea,2014,7,7,NF,0,0,1,0
Equatorial Guinea,2015,7,7,NF,0,0,1,0
Equatorial Guinea,2016,7,7,NF,0,0,1,0
Equatorial Guinea,2017,7,7,NF,0,0,1,0
Eritrea,2008,7,6,NF,0,0,1,0
Eritrea,2009,7,7,NF,0,0,1,0
Eritrea,2010,7,7,NF,0,0,1,0
Eritrea,2011,7,7,NF,0,0,1,0
Eritrea,2012,7,7,NF,0,0,1,0
Eritrea,2013,7,7,NF,0,0,1,0
Eritrea,2014,7,7,NF,0,0,1,0
Eritrea,2015,7,7,NF,0,0,1,0
Eritrea,2016,7,7,NF,0,0,1,0
Eritrea,2017,7,7,NF,0,0,1,0
Estonia,2008,1,1,F,2,1,0,0
Estonia,2009,1,1,F,2,1,0,0
Estonia,2010,1,1,F,2,1,0,0
Estonia,2011,1,1,F,2,1,0,0
Estonia,2012,1,1,F,2,1,0,0
Estonia,2013,1,1,F,2,1,0,0
Estonia,2014,1,1,F,2,1,0,0
Estonia,2015,1,1,F,2,1,0,0
Estonia,2016,1,1,F,2,1,0,0
Estonia,2017,1,1,F,2,1,0,0
Ethiopia,2008,5,5,PF,1,0,0,1
Ethiopia,2009,5,5,PF,1,0,0,1
Ethiopia,2010,6,6,NF,0,0,1,0
Ethiopia,2011,6,6,NF,0,0,1,0
Ethiopia,2012,6,6,NF,0,0,1,0
Ethiopia,2013,6,6,NF,0,0,1,0
Ethiopia,2014,6,6,NF,0,0,1,0
Ethiopia,2015,7,6,NF,0,0,1,0
Ethiopia,2016,7,6,NF,0,0,1,0
Ethiopia,2017,7,6,NF,0,0,1,0
Fiji,2008,6,4,PF,1,0,0,1
Fiji,2009,6,4,PF,1,0,0,1
Fiji,2010,6,4,PF,1,0,0,1
Fiji,2011,6,4,PF,1,0,0,1
Fiji,2012,6,4,PF,1,0,0,1
Fiji,2013,6,4,PF,1,0,0,1
Fiji,2014,3,4,PF,1,0,0,1
Fiji,2015,3,3,PF,1,0,0,1
Fiji,2016,3,4,PF,1,0,0,1
Fiji,2017,3,3,PF,1,0,0,1
Finland,2008,1,1,F,2,1,0,0
Finland,2009,1,1,F,2,1,0,0
Finland,2010,1,1,F,2,1,0,0
Finland,2011,1,1,F,2,1,0,0
Finland,2012,1,1,F,2,1,0,0
Finland,2013,1,1,F,2,1,0,0
Finland,2014,1,1,F,2,1,0,0
Finland,2015,1,1,F,2,1,0,0
Finland,2016,1,1,F,2,1,0,0
Finland,2017,1,1,F,2,1,0,0
France,2008,1,1,F,2,1,0,0
France,2009,1,1,F,2,1,0,0
France,2010,1,1,F,2,1,0,0
France,2011,1,1,F,2,1,0,0
France,2012,1,1,F,2,1,0,0
France,2013,1,1,F,2,1,0,0
France,2014,1,1,F,2,1,0,0
France,2015,1,1,F,2,1,0,0
France,2016,1,2,F,2,1,0,0
France,2017,1,2,F,2,1,0,0
Gabon,2008,6,4,PF,1,0,0,1
Gabon,2009,6,5,NF,0,0,1,0
Gabon,2010,6,5,NF,0,0,1,0
Gabon,2011,6,5,NF,0,0,1,0
Gabon,2012,6,5,NF,0,0,1,0
Gabon,2013,6,5,NF,0,0,1,0
Gabon,2014,6,5,NF,0,0,1,0
Gabon,2015,6,5,NF,0,0,1,0
Gabon,2016,6,5,NF,0,0,1,0
Gabon,2017,7,5,NF,0,0,1,0
Georgia,2008,4,4,PF,1,0,0,1
Georgia,2009,4,4,PF,1,0,0,1
Georgia,2010,4,3,PF,1,0,0,1
Georgia,2011,4,3,PF,1,0,0,1
Georgia,2012,3,3,PF,1,0,0,1
Georgia,2013,3,3,PF,1,0,0,1
Georgia,2014,3,3,PF,1,0,0,1
Georgia,2015,3,3,PF,1,0,0,1
Georgia,2016,3,3,PF,1,0,0,1
Georgia,2017,3,3,PF,1,0,0,1
Germany,2008,1,1,F,2,1,0,0
Germany,2009,1,1,F,2,1,0,0
Germany,2010,1,1,F,2,1,0,0
Germany,2011,1,1,F,2,1,0,0
Germany,2012,1,1,F,2,1,0,0
Germany,2013,1,1,F,2,1,0,0
Germany,2014,1,1,F,2,1,0,0
Germany,2015,1,1,F,2,1,0,0
Germany,2016,1,1,F,2,1,0,0
Germany,2017,1,1,F,2,1,0,0
Ghana,2008,1,2,F,2,1,0,0
Ghana,2009,1,2,F,2,1,0,0
Ghana,2010,1,2,F,2,1,0,0
Ghana,2011,1,2,F,2,1,0,0
Ghana,2012,1,2,F,2,1,0,0
Ghana,2013,1,2,F,2,1,0,0
Ghana,2014,1,2,F,2,1,0,0
Ghana,2015,1,2,F,2,1,0,0
Ghana,2016,1,2,F,2,1,0,0
Ghana,2017,1,2,F,2,1,0,0
Greece,2008,1,2,F,2,1,0,0
Greece,2009,1,2,F,2,1,0,0
Greece,2010,1,2,F,2,1,0,0
Greece,2011,2,2,F,2,1,0,0
Greece,2012,2,2,F,2,1,0,0
Greece,2013,2,2,F,2,1,0,0
Greece,2014,2,2,F,2,1,0,0
Greece,2015,2,2,F,2,1,0,0
Greece,2016,2,2,F,2,1,0,0
Greece,2017,2,2,F,2,1,0,0
Grenada,2008,1,2,F,2,1,0,0
Grenada,2009,1,2,F,2,1,0,0
Grenada,2010,1,2,F,2,1,0,0
Grenada,2011,1,2,F,2,1,0,0
Grenada,2012,1,2,F,2,1,0,0
Grenada,2013,1,2,F,2,1,0,0
Grenada,2014,1,2,F,2,1,0,0
Grenada,2015,1,2,F,2,1,0,0
Grenada,2016,1,2,F,2,1,0,0
Grenada,2017,1,2,F,2,1,0,0
Guatemala,2008,3,4,PF,1,0,0,1
Guatemala,2009,4,4,PF,1,0,0,1
Guatemala,2010,4,4,PF,1,0,0,1
Guatemala,2011,3,4,PF,1,0,0,1
Guatemala,2012,3,4,PF,1,0,0,1
Guatemala,2013,3,4,PF,1,0,0,1
Guatemala,2014,3,4,PF,1,0,0,1
Guatemala,2015,4,4,PF,1,0,0,1
Guatemala,2016,4,4,PF,1,0,0,1
Guatemala,2017,4,4,PF,1,0,0,1
Guinea,2008,7,5,NF,0,0,1,0
Guinea,2009,7,6,NF,0,0,1,0
Guinea,2010,5,5,PF,1,0,0,1
Guinea,2011,5,5,PF,1,0,0,1
Guinea,2012,5,5,PF,1,0,0,1
Guinea,2013,5,5,PF,1,0,0,1
Guinea,2014,5,5,PF,1,0,0,1
Guinea,2015,5,5,PF,1,0,0,1
Guinea,2016,5,5,PF,1,0,0,1
Guinea,2017,5,5,PF,1,0,0,1
Guinea-Bissau,2008,4,4,PF,1,0,0,1
Guinea-Bissau,2009,4,4,PF,1,0,0,1
Guinea-Bissau,2010,4,4,PF,1,0,0,1
Guinea-Bissau,2011,4,4,PF,1,0,0,1
Guinea-Bissau,2012,6,5,NF,0,0,1,0
Guinea-Bissau,2013,6,5,NF,0,0,1,0
Guinea-Bissau,2014,5,5,PF,1,0,0,1
Guinea-Bissau,2015,5,5,PF,1,0,0,1
Guinea-Bissau,2016,5,5,PF,1,0,0,1
Guinea-Bissau,2017,5,5,PF,1,0,0,1
Guyana,2008,2,3,F,2,1,0,0
Guyana,2009,2,3,F,2,1,0,0
Guyana,2010,2,3,F,2,1,0,0
Guyana,2011,2,3,F,2,1,0,0
Guyana,2012,2,3,F,2,1,0,0
Guyana,2013,2,3,F,2,1,0,0
Guyana,2014,2,3,F,2,1,0,0
Guyana,2015,2,3,F,2,1,0,0
Guyana,2016,2,3,F,2,1,0,0
Guyana,2017,2,3,F,2,1,0,0
Haiti,2008,4,5,PF,1,0,0,1
Haiti,2009,4,5,PF,1,0,0,1
Haiti,2010,4,5,PF,1,0,0,1
Haiti,2011,4,5,PF,1,0,0,1
Haiti,2012,4,5,PF,1,0,0,1
Haiti,2013,4,5,PF,1,0,0,1
Haiti,2014,5,5,PF,1,0,0,1
Haiti,2015,5,5,PF,1,0,0,1
Haiti,2016,5,5,PF,1,0,0,1
Haiti,2017,5,5,PF,1,0,0,1
Honduras,2008,3,3,PF,1,0,0,1
Honduras,2009,4,4,PF,1,0,0,1
Honduras,2010,4,4,PF,1,0,0,1
Honduras,2011,4,4,PF,1,0,0,1
Honduras,2012,4,4,PF,1,0,0,1
Honduras,2013,4,4,PF,1,0,0,1
Honduras,2014,4,4,PF,1,0,0,1
Honduras,2015,4,4,PF,1,0,0,1
Honduras,2016,4,4,PF,1,0,0,1
Honduras,2017,4,4,PF,1,0,0,1
Hungary,2008,1,1,F,2,1,0,0
Hungary,2009,1,1,F,2,1,0,0
Hungary,2010,1,1,F,2,1,0,0
Hungary,2011,1,2,F,2,1,0,0
Hungary,2012,1,2,F,2,1,0,0
Hungary,2013,1,2,F,2,1,0,0
Hungary,2014,2,2,F,2,1,0,0
Hungary,2015,2,2,F,2,1,0,0
Hungary,2016,3,2,F,2,1,0,0
Hungary,2017,3,2,F,2,1,0,0
Iceland,2008,1,1,F,2,1,0,0
Iceland,2009,1,1,F,2,1,0,0
Iceland,2010,1,1,F,2,1,0,0
Iceland,2011,1,1,F,2,1,0,0
Iceland,2012,1,1,F,2,1,0,0
Iceland,2013,1,1,F,2,1,0,0
Iceland,2014,1,1,F,2,1,0,0
Iceland,2015,1,1,F,2,1,0,0
Iceland,2016,1,1,F,2,1,0,0
Iceland,2017,1,1,F,2,1,0,0
India,2008,2,3,F,2,1,0,0
India,2009,2,3,F,2,1,0,0
India,2010,2,3,F,2,1,0,0
India,2011,2,3,F,2,1,0,0
India,2012,2,3,F,2,1,0,0
India,2013,2,3,F,2,1,0,0
India,2014,2,3,F,2,1,0,0
India,2015,2,3,F,2,1,0,0
India,2016,2,3,F,2,1,0,0
India,2017,2,3,F,2,1,0,0
Indonesia,2008,2,3,F,2,1,0,0
Indonesia,2009,2,3,F,2,1,0,0
Indonesia,2010,2,3,F,2,1,0,0
Indonesia,2011,2,3,F,2,1,0,0
Indonesia,2012,2,3,F,2,1,0,0
Indonesia,2013,2,4,PF,1,0,0,1
Indonesia,2014,2,4,PF,1,0,0,1
Indonesia,2015,2,4,PF,1,0,0,1
Indonesia,2016,2,4,PF,1,0,0,1
Indonesia,2017,2,4,PF,1,0,0,1
Iran,2008,6,6,NF,0,0,1,0
Iran,2009,6,6,NF,0,0,1,0
Iran,2010,6,6,NF,0,0,1,0
Iran,2011,6,6,NF,0,0,1,0
Iran,2012,6,6,NF,0,0,1,0
Iran,2013,6,6,NF,0,0,1,0
Iran,2014,6,6,NF,0,0,1,0
Iran,2015,6,6,NF,0,0,1,0
Iran,2016,6,6,NF,0,0,1,0
Iran,2017,6,6,NF,0,0,1,0
Iraq,2008,6,6,NF,0,0,1,0
Iraq,2009,5,6,NF,0,0,1,0
Iraq,2010,5,6,NF,0,0,1,0
Iraq,2011,5,6,NF,0,0,1,0
Iraq,2012,6,6,NF,0,0,1,0
Iraq,2013,5,6,NF,0,0,1,0
Iraq,2014,6,6,NF,0,0,1,0
Iraq,2015,5,6,NF,0,0,1,0
Iraq,2016,5,6,NF,0,0,1,0
Iraq,2017,5,6,NF,0,0,1,0
Ireland,2008,1,1,F,2,1,0,0
Ireland,2009,1,1,F,2,1,0,0
Ireland,2010,1,1,F,2,1,0,0
Ireland,2011,1,1,F,2,1,0,0
Ireland,2012,1,1,F,2,1,0,0
Ireland,2013,1,1,F,2,1,0,0
Ireland,2014,1,1,F,2,1,0,0
Ireland,2015,1,1,F,2,1,0,0
Ireland,2016,1,1,F,2,1,0,0
Ireland,2017,1,1,F,2,1,0,0
Israel,2008,1,2,F,2,1,0,0
Israel,2009,1,2,F,2,1,0,0
Israel,2010,1,2,F,2,1,0,0
Israel,2011,1,2,F,2,1,0,0
Israel,2012,1,2,F,2,1,0,0
Israel,2013,1,2,F,2,1,0,0
Israel,2014,1,2,F,2,1,0,0
Israel,2015,1,2,F,2,1,0,0
Israel,2016,1,2,F,2,1,0,0
Israel,2017,1,3,F,2,1,0,0
Italy,2008,1,2,F,2,1,0,0
Italy,2009,1,2,F,2,1,0,0
Italy,2010,1,2,F,2,1,0,0
Italy,2011,1,1,F,2,1,0,0
Italy,2012,2,1,F,2,1,0,0
Italy,2013,1,1,F,2,1,0,0
Italy,2014,1,1,F,2,1,0,0
Italy,2015,1,1,F,2,1,0,0
Italy,2016,1,1,F,2,1,0,0
Italy,2017,1,1,F,2,1,0,0
Jamaica,2008,2,3,F,2,1,0,0
Jamaica,2009,2,3,F,2,1,0,0
Jamaica,2010,2,3,F,2,1,0,0
Jamaica,2011,2,3,F,2,1,0,0
Jamaica,2012,2,3,F,2,1,0,0
Jamaica,2013,2,3,F,2,1,0,0
Jamaica,2014,2,3,F,2,1,0,0
Jamaica,2015,2,3,F,2,1,0,0
Jamaica,2016,2,3,F,2,1,0,0
Jamaica,2017,2,3,F,2,1,0,0
Japan,2008,1,2,F,2,1,0,0
Japan,2009,1,2,F,2,1,0,0
Japan,2010,1,2,F,2,1,0,0
Japan,2011,1,2,F,2,1,0,0
Japan,2012,1,2,F,2,1,0,0
Japan,2013,1,1,F,2,1,0,0
Japan,2014,1,1,F,2,1,0,0
Japan,2015,1,1,F,2,1,0,0
Japan,2016,1,1,F,2,1,0,0
Japan,2017,1,1,F,2,1,0,0
Jordan,2008,5,5,PF,1,0,0,1
Jordan,2009,6,5,NF,0,0,1,0
Jordan,2010,6,5,NF,0,0,1,0
Jordan,2011,6,5,NF,0,0,1,0
Jordan,2012,6,5,NF,0,0,1,0
Jordan,2013,6,5,NF,0,0,1,0
Jordan,2014,6,5,NF,0,0,1,0
Jordan,2015,6,5,NF,0,0,1,0
Jordan,2016,5,5,PF,1,0,0,1
Jordan,2017,5,5,PF,1,0,0,1
Kazakhstan,2008,6,5,NF,0,0,1,0
Kazakhstan,2009,6,5,NF,0,0,1,0
Kazakhstan,2010,6,5,NF,0,0,1,0
Kazakhstan,2011,6,5,NF,0,0,1,0
Kazakhstan,2012,6,5,NF,0,0,1,0
Kazakhstan,2013,6,5,NF,0,0,1,0
Kazakhstan,2014,6,5,NF,0,0,1,0
Kazakhstan,2015,6,5,NF,0,0,1,0
Kazakhstan,2016,7,5,NF,0,0,1,0
Kazakhstan,2017,7,5,NF,0,0,1,0
Kenya,2008,4,3,PF,1,0,0,1
Kenya,2009,4,4,PF,1,0,0,1
Kenya,2010,4,3,PF,1,0,0,1
Kenya,2011,4,3,PF,1,0,0,1
Kenya,2012,4,4,PF,1,0,0,1
Kenya,2013,4,4,PF,1,0,0,1
Kenya,2014,4,4,PF,1,0,0,1
Kenya,2015,4,4,PF,1,0,0,1
Kenya,2016,4,4,PF,1,0,0,1
Kenya,2017,4,4,PF,1,0,0,1
Kiribati,2008,1,1,F,2,1,0,0
Kiribati,2009,1,1,F,2,1,0,0
Kiribati,2010,1,1,F,2,1,0,0
Kiribati,2011,1,1,F,2,1,0,0
Kiribati,2012,1,1,F,2,1,0,0
Kiribati,2013,1,1,F,2,1,0,0
Kiribati,2014,1,1,F,2,1,0,0
Kiribati,2015,1,1,F,2,1,0,0
Kiribati,2016,1,1,F,2,1,0,0
Kiribati,2017,1,1,F,2,1,0,0
Kosovo,2009,5,4,PF,1,0,0,1
Kosovo,2010,5,4,PF,1,0,0,1
Kosovo,2011,5,4,PF,1,0,0,1
Kosovo,2012,5,4,PF,1,0,0,1
Kosovo,2013,5,4,PF,1,0,0,1
Kosovo,2014,4,4,PF,1,0,0,1
Kosovo,2015,3,4,PF,1,0,0,1
Kosovo,2016,3,4,PF,1,0,0,1
Kosovo,2017,3,4,PF,1,0,0,1
Kuwait,2008,4,4,PF,1,0,0,1
Kuwait,2009,4,4,PF,1,0,0,1
Kuwait,2010,4,5,PF,1,0,0,1
Kuwait,2011,4,5,PF,1,0,0,1
Kuwait,2012,5,5,PF,1,0,0,1
Kuwait,2013,5,5,PF,1,0,0,1
Kuwait,2014,5,5,PF,1,0,0,1
Kuwait,2015,5,5,PF,1,0,0,1
Kuwait,2016,5,5,PF,1,0,0,1
Kuwait,2017,5,5,PF,1,0,0,1
Kyrgyzstan,2008,5,4,PF,1,0,0,1
Kyrgyzstan,2009,6,5,NF,0,0,1,0
Kyrgyzstan,2010,5,5,PF,1,0,0,1
Kyrgyzstan,2011,5,5,PF,1,0,0,1
Kyrgyzstan,2012,5,5,PF,1,0,0,1
Kyrgyzstan,2013,5,5,PF,1,0,0,1
Kyrgyzstan,2014,5,5,PF,1,0,0,1
Kyrgyzstan,2015,5,5,PF,1,0,0,1
Kyrgyzstan,2016,5,5,PF,1,0,0,1
Kyrgyzstan,2017,5,5,PF,1,0,0,1
Laos,2008,7,6,NF,0,0,1,0
Laos,2009,7,6,NF,0,0,1,0
Laos,2010,7,6,NF,0,0,1,0
Laos,2011,7,6,NF,0,0,1,0
Laos,2012,7,6,NF,0,0,1,0
Laos,2013,7,6,NF,0,0,1,0
Laos,2014,7,6,NF,0,0,1,0
Laos,2015,7,6,NF,0,0,1,0
Laos,2016,7,6,NF,0,0,1,0
Laos,2017,7,6,NF,0,0,1,0
Latvia,2008,2,1,F,2,1,0,0
Latvia,2009,2,1,F,2,1,0,0
Latvia,2010,2,2,F,2,1,0,0
Latvia,2011,2,2,F,2,1,0,0
Latvia,2012,2,2,F,2,1,0,0
Latvia,2013,2,2,F,2,1,0,0
Latvia,2014,2,2,F,2,1,0,0
Latvia,2015,2,2,F,2,1,0,0
Latvia,2016,1,2,F,2,1,0,0
Latvia,2017,2,2,F,2,1,0,0
Lebanon,2008,5,4,PF,1,0,0,1
Lebanon,2009,5,3,PF,1,0,0,1
Lebanon,2010,5,3,PF,1,0,0,1
Lebanon,2011,5,4,PF,1,0,0,1
Lebanon,2012,5,4,PF,1,0,0,1
Lebanon,2013,5,4,PF,1,0,0,1
Lebanon,2014,5,4,PF,1,0,0,1
Lebanon,2015,5,4,PF,1,0,0,1
Lebanon,2016,5,4,PF,1,0,0,1
Lebanon,2017,6,4,PF,1,0,0,1
Lesotho,2008,2,3,F,2,1,0,0
Lesotho,2009,3,3,PF,1,0,0,1
Lesotho,2010,3,3,PF,1,0,0,1
Lesotho,2011,3,3,PF,1,0,0,1
Lesotho,2012,2,3,F,2,1,0,0
Lesotho,2013,2,3,F,2,1,0,0
Lesotho,2014,2,3,F,2,1,0,0
Lesotho,2015,3,3,PF,1,0,0,1
Lesotho,2016,3,3,PF,1,0,0,1
Lesotho,2017,3,3,PF,1,0,0,1
Liberia,2008,3,4,PF,1,0,0,1
Liberia,2009,3,4,PF,1,0,0,1
Liberia,2010,3,4,PF,1,0,0,1
Liberia,2011,3,4,PF,1,0,0,1
Liberia,2012,3,4,PF,1,0,0,1
Liberia,2013,3,4,PF,1,0,0,1
Liberia,2014,3,4,PF,1,0,0,1
Liberia,2015,3,4,PF,1,0,0,1
Liberia,2016,3,4,PF,1,0,0,1
Liberia,2017,3,3,PF,1,0,0,1
Libya,2008,7,7,NF,0,0,1,0
Libya,2009,7,7,NF,0,0,1,0
Libya,2010,7,7,NF,0,0,1,0
Libya,2011,7,6,NF,0,0,1,0
Libya,2012,4,5,PF,1,0,0,1
Libya,2013,4,5,PF,1,0,0,1
Libya,2014,6,6,NF,0,0,1,0
Libya,2015,6,6,NF,0,0,1,0
Libya,2016,7,6,NF,0,0,1,0
Libya,2017,7,6,NF,0,0,1,0
Liechtenstein,2008,1,1,F,2,1,0,0
Liechtenstein,2009,1,1,F,2,1,0,0
Liechtenstein,2010,1,1,F,2,1,0,0
Liechtenstein,2011,1,1,F,2,1,0,0
Liechtenstein,2012,1,1,F,2,1,0,0
Liechtenstein,2013,1,1,F,2,1,0,0
Liechtenstein,2014,1,1,F,2,1,0,0
Liechtenstein,2015,1,1,F,2,1,0,0
Liechtenstein,2016,2,1,F,2,1,0,0
Liechtenstein,2017,2,1,F,2,1,0,0
Lithuania,2008,1,1,F,2,1,0,0
Lithuania,2009,1,1,F,2,1,0,0
Lithuania,2010,1,1,F,2,1,0,0
Lithuania,2011,1,1,F,2,1,0,0
Lithuania,2012,1,1,F,2,1,0,0
Lithuania,2013,1,1,F,2,1,0,0
Lithuania,2014,1,1,F,2,1,0,0
Lithuania,2015,1,1,F,2,1,0,0
Lithuania,2016,1,1,F,2,1,0,0
Lithuania,2017,1,1,F,2,1,0,0
Luxembourg,2008,1,1,F,2,1,0,0
Luxembourg,2009,1,1,F,2,1,0,0
Luxembourg,2010,1,1,F,2,1,0,0
Luxembourg,2011,1,1,F,2,1,0,0
Luxembourg,2012,1,1,F,2,1,0,0
Luxembourg,2013,1,1,F,2,1,0,0
Luxembourg,2014,1,1,F,2,1,0,0
Luxembourg,2015,1,1,F,2,1,0,0
Luxembourg,2016,1,1,F,2,1,0,0
Luxembourg,2017,1,1,F,2,1,0,0
Macedonia,2008,3,3,PF,1,0,0,1
Macedonia,2009,3,3,PF,1,0,0,1
Macedonia,2010,3,3,PF,1,0,0,1
Macedonia,2011,3,3,PF,1,0,0,1
Macedonia,2012,3,3,PF,1,0,0,1
Macedonia,2013,3,3,PF,1,0,0,1
Macedonia,2014,4,3,PF,1,0,0,1
Macedonia,2015,4,3,PF,1,0,0,1
Macedonia,2016,4,3,PF,1,0,0,1
Macedonia,2017,4,3,PF,1,0,0,1
Madagascar,2008,4,3,PF,1,0,0,1
Madagascar,2009,6,4,PF,1,0,0,1
Madagascar,2010,6,4,PF,1,0,0,1
Madagascar,2011,6,4,PF,1,0,0,1
Madagascar,2012,6,4,PF,1,0,0,1
Madagascar,2013,5,4,PF,1,0,0,1
Madagascar,2014,4,4,PF,1,0,0,1
Madagascar,2015,3,4,PF,1,0,0,1
Madagascar,2016,3,4,PF,1,0,0,1
Madagascar,2017,3,4,PF,1,0,0,1
Malawi,2008,4,4,PF,1,0,0,1
Malawi,2009,3,4,PF,1,0,0,1
Malawi,2010,3,4,PF,1,0,0,1
Malawi,2011,3,4,PF,1,0,0,1
Malawi,2012,3,4,PF,1,0,0,1
Malawi,2013,3,4,PF,1,0,0,1
Malawi,2014,3,4,PF,1,0,0,1
Malawi,2015,3,3,PF,1,0,0,1
Malawi,2016,3,3,PF,1,0,0,1
Malawi,2017,3,3,PF,1,0,0,1
Malaysia,2008,4,4,PF,1,0,0,1
Malaysia,2009,4,4,PF,1,0,0,1
Malaysia,2010,4,4,PF,1,0,0,1
Malaysia,2011,4,4,PF,1,0,0,1
Malaysia,2012,4,4,PF,1,0,0,1
Malaysia,2013,4,4,PF,1,0,0,1
Malaysia,2014,4,4,PF,1,0,0,1
Malaysia,2015,4,4,PF,1,0,0,1
Malaysia,2016,4,4,PF,1,0,0,1
Malaysia,2017,4,4,PF,1,0,0,1
Maldives,2008,4,4,PF,1,0,0,1
Maldives,2009,3,4,PF,1,0,0,1
Maldives,2010,3,4,PF,1,0,0,1
Maldives,2011,3,4,PF,1,0,0,1
Maldives,2012,5,4,PF,1,0,0,1
Maldives,2013,4,4,PF,1,0,0,1
Maldives,2014,4,4,PF,1,0,0,1
Maldives,2015,4,5,PF,1,0,0,1
Maldives,2016,5,5,PF,1,0,0,1
Maldives,2017,5,5,PF,1,0,0,1
Mali,2008,2,3,F,2,1,0,0
Mali,2009,2,3,F,2,1,0,0
Mali,2010,2,3,F,2,1,0,0
Mali,2011,2,3,F,2,1,0,0
Mali,2012,7,5,NF,0,0,1,0
Mali,2013,5,4,PF,1,0,0,1
Mali,2014,5,4,PF,1,0,0,1
Mali,2015,5,4,PF,1,0,0,1
Mali,2016,5,4,PF,1,0,0,1
Mali,2017,5,4,PF,1,0,0,1
Malta,2008,1,1,F,2,1,0,0
Malta,2009,1,1,F,2,1,0,0
Malta,2010,1,1,F,2,1,0,0
Malta,2011,1,1,F,2,1,0,0
Malta,2012,1,1,F,2,1,0,0
Malta,2013,1,1,F,2,1,0,0
Malta,2014,1,1,F,2,1,0,0
Malta,2015,1,1,F,2,1,0,0
Malta,2016,1,1,F,2,1,0,0
Malta,2017,1,1,F,2,1,0,0
Marshall Islands,2008,1,1,F,2,1,0,0
Marshall Islands,2009,1,1,F,2,1,0,0
Marshall Islands,2010,1,1,F,2,1,0,0
Marshall Islands,2011,1,1,F,2,1,0,0
Marshall Islands,2012,1,1,F,2,1,0,0
Marshall Islands,2013,1,1,F,2,1,0,0
Marshall Islands,2014,1,1,F,2,1,0,0
Marshall Islands,2015,1,1,F,2,1,0,0
Marshall Islands,2016,1,1,F,2,1,0,0
Marshall Islands,2017,1,1,F,2,1,0,0
Mauritania,2008,6,5,NF,0,0,1,0
Mauritania,2009,6,5,NF,0,0,1,0
Mauritania,2010,6,5,NF,0,0,1,0
Mauritania,2011,6,5,NF,0,0,1,0
Mauritania,2012,6,5,NF,0,0,1,0
Mauritania,2013,6,5,NF,0,0,1,0
Mauritania,2014,6,5,NF,0,0,1,0
Mauritania,2015,6,5,NF,0,0,1,0
Mauritania,2016,6,5,NF,0,0,1,0
Mauritania,2017,6,5,NF,0,0,1,0
Mauritius,2008,1,2,F,2,1,0,0
Mauritius,2009,1,2,F,2,1,0,0
Mauritius,2010,1,2,F,2,1,0,0
Mauritius,2011,1,2,F,2,1,0,0
Mauritius,2012,1,2,F,2,1,0,0
Mauritius,2013,1,2,F,2,1,0,0
Mauritius,2014,1,2,F,2,1,0,0
Mauritius,2015,1,2,F,2,1,0,0
Mauritius,2016,1,2,F,2,1,0,0
Mauritius,2017,1,2,F,2,1,0,0
Mexico,2008,2,3,F,2,1,0,0
Mexico,2009,2,3,F,2,1,0,0
Mexico,2010,3,3,PF,1,0,0,1
Mexico,2011,3,3,PF,1,0,0,1
Mexico,2012,3,3,PF,1,0,0,1
Mexico,2013,3,3,PF,1,0,0,1
Mexico,2014,3,3,PF,1,0,0,1
Mexico,2015,3,3,PF,1,0,0,1
Mexico,2016,3,3,PF,1,0,0,1
Mexico,2017,3,3,PF,1,0,0,1
Micronesia,2008,1,1,F,2,1,0,0
Micronesia,2009,1,1,F,2,1,0,0
Micronesia,2010,1,1,F,2,1,0,0
Micronesia,2011,1,1,F,2,1,0,0
Micronesia,2012,1,1,F,2,1,0,0
Micronesia,2013,1,1,F,2,1,0,0
Micronesia,2014,1,1,F,2,1,0,0
Micronesia,2015,1,1,F,2,1,0,0
Micronesia,2016,1,1,F,2,1,0,0
Micronesia,2017,1,1,F,2,1,0,0
Moldova,2008,4,4,PF,1,0,0,1
Moldova,2009,3,4,PF,1,0,0,1
Moldova,2010,3,3,PF,1,0,0,1
Moldova,2011,3,3,PF,1,0,0,1
Moldova,2012,3,3,PF,1,0,0,1
Moldova,2013,3,3,PF,1,0,0,1
Moldova,2014,3,3,PF,1,0,0,1
Moldova,2015,3,3,PF,1,0,0,1
Moldova,2016,3,3,PF,1,0,0,1
Moldova,2017,3,3,PF,1,0,0,1
Monaco,2008,2,1,F,2,1,0,0
Monaco,2009,2,1,F,2,1,0,0
Monaco,2010,2,1,F,2,1,0,0
Monaco,2011,2,1,F,2,1,0,0
Monaco,2012,2,1,F,2,1,0,0
Monaco,2013,2,1,F,2,1,0,0
Monaco,2014,2,1,F,2,1,0,0
Monaco,2015,2,1,F,2,1,0,0
Monaco,2016,3,1,F,2,1,0,0
Monaco,2017,3,1,F,2,1,0,0
Mongolia,2008,2,2,F,2,1,0,0
Mongolia,2009,2,2,F,2,1,0,0
Mongolia,2010,2,2,F,2,1,0,0
Mongolia,2011,2,2,F,2,1,0,0
Mongolia,2012,1,2,F,2,1,0,0
Mongolia,2013,1,2,F,2,1,0,0
Mongolia,2014,1,2,F,2,1,0,0
Mongolia,2015,1,2,F,2,1,0,0
Mongolia,2016,1,2,F,2,1,0,0
Mongolia,2017,1,2,F,2,1,0,0
Montenegro,2008,3,3,PF,1,0,0,1
Montenegro,2009,3,2,F,2,1,0,0
Montenegro,2010,3,2,F,2,1,0,0
Montenegro,2011,3,2,F,2,1,0,0
Montenegro,2012,3,2,F,2,1,0,0
Montenegro,2013,3,2,F,2,1,0,0
Montenegro,2014,3,2,F,2,1,0,0
Montenegro,2015,3,3,PF,1,0,0,1
Montenegro,2016,3,3,PF,1,0,0,1
Montenegro,2017,3,3,PF,1,0,0,1
Morocco,2008,5,4,PF,1,0,0,1
Morocco,2009,5,4,PF,1,0,0,1
Morocco,2010,5,4,PF,1,0,0,1
Morocco,2011,5,4,PF,1,0,0,1
Morocco,2012,5,4,PF,1,0,0,1
Morocco,2013,5,4,PF,1,0,0,1
Morocco,2014,5,4,PF,1,0,0,1
Morocco,2015,5,4,PF,1,0,0,1
Morocco,2016,5,4,PF,1,0,0,1
Morocco,2017,5,5,PF,1,0,0,1
Mozambique,2008,3,3,PF,1,0,0,1
Mozambique,2009,4,3,PF,1,0,0,1
Mozambique,2010,4,3,PF,1,0,0,1
Mozambique,2011,4,3,PF,1,0,0,1
Mozambique,2012,4,3,PF,1,0,0,1
Mozambique,2013,4,3,PF,1,0,0,1
Mozambique,2014,4,3,PF,1,0,0,1
Mozambique,2015,4,4,PF,1,0,0,1
Mozambique,2016,4,4,PF,1,0,0,1
Mozambique,2017,4,4,PF,1,0,0,1
Myanmar,2008,7,7,NF,0,0,1,0
Myanmar,2009,7,7,NF,0,0,1,0
Myanmar,2010,7,7,NF,0,0,1,0
Myanmar,2011,7,6,NF,0,0,1,0
Myanmar,2012,6,5,NF,0,0,1,0
Myanmar,2013,6,5,NF,0,0,1,0
Myanmar,2014,6,6,NF,0,0,1,0
Myanmar,2015,6,5,NF,0,0,1,0
Myanmar,2016,5,5,PF,1,0,0,1
Myanmar,2017,5,5,PF,1,0,0,1
Namibia,2008,2,2,F,2,1,0,0
Namibia,2009,2,2,F,2,1,0,0
Namibia,2010,2,2,F,2,1,0,0
Namibia,2011,2,2,F,2,1,0,0
Namibia,2012,2,2,F,2,1,0,0
Namibia,2013,2,2,F,2,1,0,0
Namibia,2014,2,2,F,2,1,0,0
Namibia,2015,2,2,F,2,1,0,0
Namibia,2016,2,2,F,2,1,0,0
Namibia,2017,2,2,F,2,1,0,0
Nauru,2008,1,1,F,2,1,0,0
Nauru,2009,1,1,F,2,1,0,0
Nauru,2010,1,1,F,2,1,0,0
Nauru,2011,1,1,F,2,1,0,0
Nauru,2012,1,1,F,2,1,0,0
Nauru,2013,1,1,F,2,1,0,0
Nauru,2014,1,2,F,2,1,0,0
Nauru,2015,2,2,F,2,1,0,0
Nauru,2016,2,2,F,2,1,0,0
Nauru,2017,2,2,F,2,1,0,0
Nepal,2008,4,4,PF,1,0,0,1
Nepal,2009,4,4,PF,1,0,0,1
Nepal,2010,4,4,PF,1,0,0,1
Nepal,2011,4,4,PF,1,0,0,1
Nepal,2012,4,4,PF,1,0,0,1
Nepal,2013,4,4,PF,1,0,0,1
Nepal,2014,3,4,PF,1,0,0,1
Nepal,2015,3,4,PF,1,0,0,1
Nepal,2016,3,4,PF,1,0,0,1
Nepal,2017,3,4,PF,1,0,0,1
Netherlands,2008,1,1,F,2,1,0,0
Netherlands,2009,1,1,F,2,1,0,0
Netherlands,2010,1,1,F,2,1,0,0
Netherlands,2011,1,1,F,2,1,0,0
Netherlands,2012,1,1,F,2,1,0,0
Netherlands,2013,1,1,F,2,1,0,0
Netherlands,2014,1,1,F,2,1,0,0
Netherlands,2015,1,1,F,2,1,0,0
Netherlands,2016,1,1,F,2,1,0,0
Netherlands,2017,1,1,F,2,1,0,0
New Zealand,2008,1,1,F,2,1,0,0
New Zealand,2009,1,1,F,2,1,0,0
New Zealand,2010,1,1,F,2,1,0,0
New Zealand,2011,1,1,F,2,1,0,0
New Zealand,2012,1,1,F,2,1,0,0
New Zealand,2013,1,1,F,2,1,0,0
New Zealand,2014,1,1,F,2,1,0,0
New Zealand,2015,1,1,F,2,1,0,0
New Zealand,2016,1,1,F,2,1,0,0
New Zealand,2017,1,1,F,2,1,0,0
Nicaragua,2008,4,3,PF,1,0,0,1
Nicaragua,2009,4,4,PF,1,0,0,1
Nicaragua,2010,4,4,PF,1,0,0,1
Nicaragua,2011,5,4,PF,1,0,0,1
Nicaragua,2012,5,4,PF,1,0,0,1
Nicaragua,2013,4,3,PF,1,0,0,1
Nicaragua,2014,4,3,PF,1,0,0,1
Nicaragua,2015,4,3,PF,1,0,0,1
Nicaragua,2016,5,4,PF,1,0,0,1
Nicaragua,2017,5,4,PF,1,0,0,1
Niger,2008,3,4,PF,1,0,0,1
Niger,2009,5,4,PF,1,0,0,1
Niger,2010,5,4,PF,1,0,0,1
Niger,2011,3,4,PF,1,0,0,1
Niger,2012,3,4,PF,1,0,0,1
Niger,2013,3,4,PF,1,0,0,1
Niger,2014,3,4,PF,1,0,0,1
Niger,2015,3,4,PF,1,0,0,1
Niger,2016,4,4,PF,1,0,0,1
Niger,2017,4,4,PF,1,0,0,1
Nigeria,2008,5,4,PF,1,0,0,1
Nigeria,2009,5,4,PF,1,0,0,1
Nigeria,2010,4,4,PF,1,0,0,1
Nigeria,2011,4,4,PF,1,0,0,1
Nigeria,2012,4,4,PF,1,0,0,1
Nigeria,2013,4,4,PF,1,0,0,1
Nigeria,2014,4,5,PF,1,0,0,1
Nigeria,2015,4,5,PF,1,0,0,1
Nigeria,2016,3,5,PF,1,0,0,1
Nigeria,2017,3,5,PF,1,0,0,1
North Korea,2008,7,7,NF,0,0,1,0
North Korea,2009,7,7,NF,0,0,1,0
North Korea,2010,7,7,NF,0,0,1,0
North Korea,2011,7,7,NF,0,0,1,0
North Korea,2012,7,7,NF,0,0,1,0
North Korea,2013,7,7,NF,0,0,1,0
North Korea,2014,7,7,NF,0,0,1,0
North Korea,2015,7,7,NF,0,0,1,0
North Korea,2016,7,7,NF,0,0,1,0
North Korea,2017,7,7,NF,0,0,1,0
Norway,2008,1,1,F,2,1,0,0
Norway,2009,1,1,F,2,1,0,0
Norway,2010,1,1,F,2,1,0,0
Norway,2011,1,1,F,2,1,0,0
Norway,2012,1,1,F,2,1,0,0
Norway,2013,1,1,F,2,1,0,0
Norway,2014,1,1,F,2,1,0,0
Norway,2015,1,1,F,2,1,0,0
Norway,2016,1,1,F,2,1,0,0
Norway,2017,1,1,F,2,1,0,0
Oman,2008,6,5,NF,0,0,1,0
Oman,2009,6,5,NF,0,0,1,0
Oman,2010,6,5,NF,0,0,1,0
Oman,2011,6,5,NF,0,0,1,0
Oman,2012,6,5,NF,0,0,1,0
Oman,2013,6,5,NF,0,0,1,0
Oman,2014,6,5,NF,0,0,1,0
Oman,2015,6,5,NF,0,0,1,0
Oman,2016,6,5,NF,0,0,1,0
Oman,2017,6,5,NF,0,0,1,0
Pakistan,2008,4,5,PF,1,0,0,1
Pakistan,2009,4,5,PF,1,0,0,1
Pakistan,2010,4,5,PF,1,0,0,1
Pakistan,2011,4,5,PF,1,0,0,1
Pakistan,2012,4,5,PF,1,0,0,1
Pakistan,2013,4,5,PF,1,0,0,1
Pakistan,2014,4,5,PF,1,0,0,1
Pakistan,2015,4,5,PF,1,0,0,1
Pakistan,2016,4,5,PF,1,0,0,1
Pakistan,2017,4,5,PF,1,0,0,1
Palau,2008,1,1,F,2,1,0,0
Palau,2009,1,1,F,2,1,0,0
Palau,2010,1,1,F,2,1,0,0
Palau,2011,1,1,F,2,1,0,0
Palau,2012,1,1,F,2,1,0,0
Palau,2013,1,1,F,2,1,0,0
Palau,2014,1,1,F,2,1,0,0
Palau,2015,1,1,F,2,1,0,0
Palau,2016,1,1,F,2,1,0,0
Palau,2017,1,1,F,2,1,0,0
Panama,2008,1,2,F,2,1,0,0
Panama,2009,1,2,F,2,1,0,0
Panama,2010,1,2,F,2,1,0,0
Panama,2011,1,2,F,2,1,0,0
Panama,2012,1,2,F,2,1,0,0
Panama,2013,2,2,F,2,1,0,0
Panama,2014,2,2,F,2,1,0,0
Panama,2015,2,2,F,2,1,0,0
Panama,2016,2,2,F,2,1,0,0
Panama,2017,2,2,F,2,1,0,0
Papua New Guinea,2008,4,3,PF,1,0,0,1
Papua New Guinea,2009,4,3,PF,1,0,0,1
Papua New Guinea,2010,4,3,PF,1,0,0,1
Papua New Guinea,2011,4,3,PF,1,0,0,1
Papua New Guinea,2012,4,3,PF,1,0,0,1
Papua New Guinea,2013,3,3,PF,1,0,0,1
Papua New Guinea,2014,4,3,PF,1,0,0,1
Papua New Guinea,2015,4,3,PF,1,0,0,1
Papua New Guinea,2016,3,3,PF,1,0,0,1
Papua New Guinea,2017,3,3,PF,1,0,0,1
Paraguay,2008,3,3,PF,1,0,0,1
Paraguay,2009,3,3,PF,1,0,0,1
Paraguay,2010,3,3,PF,1,0,0,1
Paraguay,2011,3,3,PF,1,0,0,1
Paraguay,2012,3,3,PF,1,0,0,1
Paraguay,2013,3,3,PF,1,0,0,1
Paraguay,2014,3,3,PF,1,0,0,1
Paraguay,2015,3,3,PF,1,0,0,1
Paraguay,2016,3,3,PF,1,0,0,1
Paraguay,2017,3,3,PF,1,0,0,1
Peru,2008,2,3,F,2,1,0,0
Peru,2009,2,3,F,2,1,0,0
Peru,2010,2,3,F,2,1,0,0
Peru,2011,2,3,F,2,1,0,0
Peru,2012,2,3,F,2,1,0,0
Peru,2013,2,3,F,2,1,0,0
Peru,2014,2,3,F,2,1,0,0
Peru,2015,2,3,F,2,1,0,0
Peru,2016,2,3,F,2,1,0,0
Peru,2017,2,3,F,2,1,0,0
Philippines,2008,4,3,PF,1,0,0,1
Philippines,2009,4,3,PF,1,0,0,1
Philippines,2010,3,3,PF,1,0,0,1
Philippines,2011,3,3,PF,1,0,0,1
Philippines,2012,3,3,PF,1,0,0,1
Philippines,2013,3,3,PF,1,0,0,1
Philippines,2014,3,3,PF,1,0,0,1
Philippines,2015,3,3,PF,1,0,0,1
Philippines,2016,3,3,PF,1,0,0,1
Philippines,2017,3,3,PF,1,0,0,1
Poland,2008,1,1,F,2,1,0,0
Poland,2009,1,1,F,2,1,0,0
Poland,2010,1,1,F,2,1,0,0
Poland,2011,1,1,F,2,1,0,0
Poland,2012,1,1,F,2,1,0,0
Poland,2013,1,1,F,2,1,0,0
Poland,2014,1,1,F,2,1,0,0
Poland,2015,1,1,F,2,1,0,0
Poland,2016,1,2,F,2,1,0,0
Poland,2017,1,2,F,2,1,0,0
Portugal,2008,1,1,F,2,1,0,0
Portugal,2009,1,1,F,2,1,0,0
Portugal,2010,1,1,F,2,1,0,0
Portugal,2011,1,1,F,2,1,0,0
Portugal,2012,1,1,F,2,1,0,0
Portugal,2013,1,1,F,2,1,0,0
Portugal,2014,1,1,F,2,1,0,0
Portugal,2015,1,1,F,2,1,0,0
Portugal,2016,1,1,F,2,1,0,0
Portugal,2017,1,1,F,2,1,0,0
Qatar,2008,6,5,NF,0,0,1,0
Qatar,2009,6,5,NF,0,0,1,0
Qatar,2010,6,5,NF,0,0,1,0
Qatar,2011,6,5,NF,0,0,1,0
Qatar,2012,6,5,NF,0,0,1,0
Qatar,2013,6,5,NF,0,0,1,0
Qatar,2014,6,5,NF,0,0,1,0
Qatar,2015,6,5,NF,0,0,1,0
Qatar,2016,6,5,NF,0,0,1,0
Qatar,2017,6,5,NF,0,0,1,0
Romania,2008,2,2,F,2,1,0,0
Romania,2009,2,2,F,2,1,0,0
Romania,2010,2,2,F,2,1,0,0
Romania,2011,2,2,F,2,1,0,0
Romania,2012,2,2,F,2,1,0,0
Romania,2013,2,2,F,2,1,0,0
Romania,2014,2,2,F,2,1,0,0
Romania,2015,2,2,F,2,1,0,0
Romania,2016,2,2,F,2,1,0,0
Romania,2017,2,2,F,2,1,0,0
Russia,2008,6,5,NF,0,0,1,0
Russia,2009,6,5,NF,0,0,1,0
Russia,2010,6,5,NF,0,0,1,0
Russia,2011,6,5,NF,0,0,1,0
Russia,2012,6,5,NF,0,0,1,0
Russia,2013,6,5,NF,0,0,1,0
Russia,2014,6,6,NF,0,0,1,0
Russia,2015,6,6,NF,0,0,1,0
Russia,2016,7,6,NF,0,0,1,0
Russia,2017,7,6,NF,0,0,1,0
Rwanda,2008,6,5,NF,0,0,1,0
Rwanda,2009,6,5,NF,0,0,1,0
Rwanda,2010,6,5,NF,0,0,1,0
Rwanda,2011,6,5,NF,0,0,1,0
Rwanda,2012,6,6,NF,0,0,1,0
Rwanda,2013,6,5,NF,0,0,1,0
Rwanda,2014,6,6,NF,0,0,1,0
Rwanda,2015,6,6,NF,0,0,1,0
Rwanda,2016,6,6,NF,0,0,1,0
Rwanda,2017,6,6,NF,0,0,1,0
Samoa,2008,2,2,F,2,1,0,0
Samoa,2009,2,2,F,2,1,0,0
Samoa,2010,2,2,F,2,1,0,0
Samoa,2011,2,2,F,2,1,0,0
Samoa,2012,2,2,F,2,1,0,0
Samoa,2013,2,2,F,2,1,0,0
Samoa,2014,2,2,F,2,1,0,0
Samoa,2015,2,2,F,2,1,0,0
Samoa,2016,2,2,F,2,1,0,0
Samoa,2017,2,2,F,2,1,0,0
San Marino,2008,1,1,F,2,1,0,0
San Marino,2009,1,1,F,2,1,0,0
San Marino,2010,1,1,F,2,1,0,0
San Marino,2011,1,1,F,2,1,0,0
San Marino,2012,1,1,F,2,1,0,0
San Marino,2013,1,1,F,2,1,0,0
San Marino,2014,1,1,F,2,1,0,0
San Marino,2015,1,1,F,2,1,0,0
San Marino,2016,1,1,F,2,1,0,0
San Marino,2017,1,1,F,2,1,0,0
Sao Tome and Principe,2008,2,2,F,2,1,0,0
Sao Tome and Principe,2009,2,2,F,2,1,0,0
Sao Tome and Principe,2010,2,2,F,2,1,0,0
Sao Tome and Principe,2011,2,2,F,2,1,0,0
Sao Tome and Principe,2012,2,2,F,2,1,0,0
Sao Tome and Principe,2013,2,2,F,2,1,0,0
Sao Tome and Principe,2014,2,2,F,2,1,0,0
Sao Tome and Principe,2015,2,2,F,2,1,0,0
Sao Tome and Principe,2016,2,2,F,2,1,0,0
Sao Tome and Principe,2017,2,2,F,2,1,0,0
Saudi Arabia,2008,7,6,NF,0,0,1,0
Saudi Arabia,2009,7,6,NF,0,0,1,0
Saudi Arabia,2010,7,6,NF,0,0,1,0
Saudi Arabia,2011,7,7,NF,0,0,1,0
Saudi Arabia,2012,7,7,NF,0,0,1,0
Saudi Arabia,2013,7,7,NF,0,0,1,0
Saudi Arabia,2014,7,7,NF,0,0,1,0
Saudi Arabia,2015,7,7,NF,0,0,1,0
Saudi Arabia,2016,7,7,NF,0,0,1,0
Saudi Arabia,2017,7,7,NF,0,0,1,0
Senegal,2008,3,3,PF,1,0,0,1
Senegal,2009,3,3,PF,1,0,0,1
Senegal,2010,3,3,PF,1,0,0,1
Senegal,2011,3,3,PF,1,0,0,1
Senegal,2012,2,3,F,2,1,0,0
Senegal,2013,2,2,F,2,1,0,0
Senegal,2014,2,2,F,2,1,0,0
Senegal,2015,2,2,F,2,1,0,0
Senegal,2016,2,2,F,2,1,0,0
Senegal,2017,2,2,F,2,1,0,0
Serbia,2008,3,2,F,2,1,0,0
Serbia,2009,2,2,F,2,1,0,0
Serbia,2010,2,2,F,2,1,0,0
Serbia,2011,2,2,F,2,1,0,0
Serbia,2012,2,2,F,2,1,0,0
Serbia,2013,2,2,F,2,1,0,0
Serbia,2014,2,2,F,2,1,0,0
Serbia,2015,2,2,F,2,1,0,0
Serbia,2016,3,2,F,2,1,0,0
Serbia,2017,3,2,F,2,1,0,0
Seychelles,2008,3,3,PF,1,0,0,1
Seychelles,2009,3,3,PF,1,0,0,1
Seychelles,2010,3,3,PF,1,0,0,1
Seychelles,2011,3,3,PF,1,0,0,1
Seychelles,2012,3,3,PF,1,0,0,1
Seychelles,2013,3,3,PF,1,0,0,1
Seychelles,2014,3,3,PF,1,0,0,1
Seychelles,2015,3,3,PF,1,0,0,1
Seychelles,2016,3,3,PF,1,0,0,1
Seychelles,2017,3,3,PF,1,0,0,1
Sierra Leone,2008,3,3,PF,1,0,0,1
Sierra Leone,2009,3,3,PF,1,0,0,1
Sierra Leone,2010,3,3,PF,1,0,0,1
Sierra Leone,2011,3,3,PF,1,0,0,1
Sierra Leone,2012,2,3,F,2,1,0,0
Sierra Leone,2013,3,3,PF,1,0,0,1
Sierra Leone,2014,3,3,PF,1,0,0,1
Sierra Leone,2015,3,3,PF,1,0,0,1
Sierra Leone,2016,3,3,PF,1,0,0,1
Sierra Leone,2017,3,3,PF,1,0,0,1
Singapore,2008,5,4,PF,1,0,0,1
Singapore,2009,5,4,PF,1,0,0,1
Singapore,2010,5,4,PF,1,0,0,1
Singapore,2011,4,4,PF,1,0,0,1
Singapore,2012,4,4,PF,1,0,0,1
Singapore,2013,4,4,PF,1,0,0,1
Singapore,2014,4,4,PF,1,0,0,1
Singapore,2015,4,4,PF,1,0,0,1
Singapore,2016,4,4,PF,1,0,0,1
Singapore,2017,4,4,PF,1,0,0,1
Slovakia,2008,1,1,F,2,1,0,0
Slovakia,2009,1,1,F,2,1,0,0
Slovakia,2010,1,1,F,2,1,0,0
Slovakia,2011,1,1,F,2,1,0,0
Slovakia,2012,1,1,F,2,1,0,0
Slovakia,2013,1,1,F,2,1,0,0
Slovakia,2014,1,1,F,2,1,0,0
Slovakia,2015,1,1,F,2,1,0,0
Slovakia,2016,1,1,F,2,1,0,0
Slovakia,2017,1,1,F,2,1,0,0
Slovenia,2008,1,1,F,2,1,0,0
Slovenia,2009,1,1,F,2,1,0,0
Slovenia,2010,1,1,F,2,1,0,0
Slovenia,2011,1,1,F,2,1,0,0
Slovenia,2012,1,1,F,2,1,0,0
Slovenia,2013,1,1,F,2,1,0,0
Slovenia,2014,1,1,F,2,1,0,0
Slovenia,2015,1,1,F,2,1,0,0
Slovenia,2016,1,1,F,2,1,0,0
Slovenia,2017,1,1,F,2,1,0,0
Solomon Islands,2008,4,3,PF,1,0,0,1
Solomon Islands,2009,4,3,PF,1,0,0,1
Solomon Islands,2010,4,3,PF,1,0,0,1
Solomon Islands,2011,4,3,PF,1,0,0,1
Solomon Islands,2012,4,3,PF,1,0,0,1
Solomon Islands,2013,4,3,PF,1,0,0,1
Solomon Islands,2014,3,3,PF,1,0,0,1
Solomon Islands,2015,3,3,PF,1,0,0,1
Solomon Islands,2016,3,2,F,2,1,0,0
Solomon Islands,2017,3,2,F,2,1,0,0
Somalia,2008,7,7,NF,0,0,1,0
Somalia,2009,7,7,NF,0,0,1,0
Somalia,2010,7,7,NF,0,0,1,0
Somalia,2011,7,7,NF,0,0,1,0
Somalia,2012,7,7,NF,0,0,1,0
Somalia,2013,7,7,NF,0,0,1,0
Somalia,2014,7,7,NF,0,0,1,0
Somalia,2015,7,7,NF,0,0,1,0
Somalia,2016,7,7,NF,0,0,1,0
Somalia,2017,7,7,NF,0,0,1,0
South Africa,2008,2,2,F,2,1,0,0
South Africa,2009,2,2,F,2,1,0,0
South Africa,2010,2,2,F,2,1,0,0
South Africa,2011,2,2,F,2,1,0,0
South Africa,2012,2,2,F,2,1,0,0
South Africa,2013,2,2,F,2,1,0,0
South Africa,2014,2,2,F,2,1,0,0
South Africa,2015,2,2,F,2,1,0,0
South Africa,2016,2,2,F,2,1,0,0
South Africa,2017,2,2,F,2,1,0,0
South Korea,2008,1,2,F,2,1,0,0
South Korea,2009,1,2,F,2,1,0,0
South Korea,2010,1,2,F,2,1,0,0
South Korea,2011,1,2,F,2,1,0,0
South Korea,2012,1,2,F,2,1,0,0
South Korea,2013,2,2,F,2,1,0,0
South Korea,2014,2,2,F,2,1,0,0
South Korea,2015,2,2,F,2,1,0,0
South Korea,2016,2,2,F,2,1,0,0
South Korea,2017,2,2,F,2,1,0,0
South Sudan,2011,6,5,NF,0,0,1,0
South Sudan,2012,6,5,NF,0,0,1,0
South Sudan,2013,6,6,NF,0,0,1,0
South Sudan,2014,7,6,NF,0,0,1,0
South Sudan,2015,7,6,NF,0,0,1,0
South Sudan,2016,7,7,NF,0,0,1,0
South Sudan,2017,7,7,NF,0,0,1,0
Spain,2008,1,1,F,2,1,0,0
Spain,2009,1,1,F,2,1,0,0
Spain,2010,1,1,F,2,1,0,0
Spain,2011,1,1,F,2,1,0,0
Spain,2012,1,1,F,2,1,0,0
Spain,2013,1,1,F,2,1,0,0
Spain,2014,1,1,F,2,1,0,0
Spain,2015,1,1,F,2,1,0,0
Spain,2016,1,1,F,2,1,0,0
Spain,2017,1,1,F,2,1,0,0
Sri Lanka,2008,4,4,PF,1,0,0,1
Sri Lanka,2009,4,4,PF,1,0,0,1
Sri Lanka,2010,5,4,PF,1,0,0,1
Sri Lanka,2011,5,4,PF,1,0,0,1
Sri Lanka,2012,5,4,PF,1,0,0,1
Sri Lanka,2013,5,4,PF,1,0,0,1
Sri Lanka,2014,5,5,PF,1,0,0,1
Sri Lanka,2015,4,4,PF,1,0,0,1
Sri Lanka,2016,3,4,PF,1,0,0,1
Sri Lanka,2017,3,4,PF,1,0,0,1
St. Kitts and Nevis,2008,1,1,F,2,1,0,0
St. Kitts and Nevis,2009,1,1,F,2,1,0,0
St. Kitts and Nevis,2010,1,1,F,2,1,0,0
St. Kitts and Nevis,2011,1,1,F,2,1,0,0
St. Kitts and Nevis,2012,1,1,F,2,1,0,0
St. Kitts and Nevis,2013,1,1,F,2,1,0,0
St. Kitts and Nevis,2014,1,1,F,2,1,0,0
St. Kitts and Nevis,2015,2,1,F,2,1,0,0
St. Kitts and Nevis,2016,1,1,F,2,1,0,0
St. Kitts and Nevis,2017,1,1,F,2,1,0,0
St. Lucia,2008,1,1,F,2,1,0,0
St. Lucia,2009,1,1,F,2,1,0,0
St. Lucia,2010,1,1,F,2,1,0,0
St. Lucia,2011,1,1,F,2,1,0,0
St. Lucia,2012,1,1,F,2,1,0,0
St. Lucia,2013,1,1,F,2,1,0,0
St. Lucia,2014,1,1,F,2,1,0,0
St. Lucia,2015,1,1,F,2,1,0,0
St. Lucia,2016,1,1,F,2,1,0,0
St. Lucia,2017,1,1,F,2,1,0,0
St. Vincent and the Grenadines,2008,2,1,F,2,1,0,0
St. Vincent and the Grenadines,2009,2,1,F,2,1,0,0
St. Vincent and the Grenadines,2010,1,1,F,2,1,0,0
St. Vincent and the Grenadines,2011,1,1,F,2,1,0,0
St. Vincent and the Grenadines,2012,1,1,F,2,1,0,0
St. Vincent and the Grenadines,2013,1,1,F,2,1,0,0
St. Vincent and the Grenadines,2014,1,1,F,2,1,0,0
St. Vincent and the Grenadines,2015,1,1,F,2,1,0,0
St. Vincent and the Grenadines,2016,1,1,F,2,1,0,0
St. Vincent and the Grenadines,2017,1,1,F,2,1,0,0
Sudan,2008,7,7,NF,0,0,1,0
Sudan,2009,7,7,NF,0,0,1,0
Sudan,2010,7,7,NF,0,0,1,0
Sudan,2011,7,7,NF,0,0,1,0
Sudan,2012,7,7,NF,0,0,1,0
Sudan,2013,7,7,NF,0,0,1,0
Sudan,2014,7,7,NF,0,0,1,0
Sudan,2015,7,7,NF,0,0,1,0
Sudan,2016,7,7,NF,0,0,1,0
Sudan,2017,7,7,NF,0,0,1,0
Suriname,2008,2,2,F,2,1,0,0
Suriname,2009,2,2,F,2,1,0,0
Suriname,2010,2,2,F,2,1,0,0
Suriname,2011,2,2,F,2,1,0,0
Suriname,2012,2,2,F,2,1,0,0
Suriname,2013,2,2,F,2,1,0,0
Suriname,2014,2,2,F,2,1,0,0
Suriname,2015,2,3,F,2,1,0,0
Suriname,2016,2,3,F,2,1,0,0
Suriname,2017,2,2,F,2,1,0,0
Swaziland,2008,7,5,NF,0,0,1,0
Swaziland,2009,7,5,NF,0,0,1,0
Swaziland,2010,7,5,NF,0,0,1,0
Swaziland,2011,7,5,NF,0,0,1,0
Swaziland,2012,7,5,NF,0,0,1,0
Swaziland,2013,7,5,NF,0,0,1,0
Swaziland,2014,7,5,NF,0,0,1,0
Swaziland,2015,7,5,NF,0,0,1,0
Swaziland,2016,7,5,NF,0,0,1,0
Swaziland,2017,7,6,NF,0,0,1,0
Sweden,2008,1,1,F,2,1,0,0
Sweden,2009,1,1,F,2,1,0,0
Sweden,2010,1,1,F,2,1,0,0
Sweden,2011,1,1,F,2,1,0,0
Sweden,2012,1,1,F,2,1,0,0
Sweden,2013,1,1,F,2,1,0,0
Sweden,2014,1,1,F,2,1,0,0
Sweden,2015,1,1,F,2,1,0,0
Sweden,2016,1,1,F,2,1,0,0
Sweden,2017,1,1,F,2,1,0,0
Switzerland,2008,1,1,F,2,1,0,0
Switzerland,2009,1,1,F,2,1,0,0
Switzerland,2010,1,1,F,2,1,0,0
Switzerland,2011,1,1,F,2,1,0,0
Switzerland,2012,1,1,F,2,1,0,0
Switzerland,2013,1,1,F,2,1,0,0
Switzerland,2014,1,1,F,2,1,0,0
Switzerland,2015,1,1,F,2,1,0,0
Switzerland,2016,1,1,F,2,1,0,0
Switzerland,2017,1,1,F,2,1,0,0
Syria,2008,7,6,NF,0,0,1,0
Syria,2009,7,6,NF,0,0,1,0
Syria,2010,7,6,NF,0,0,1,0
Syria,2011,7,7,NF,0,0,1,0
Syria,2012,7,7,NF,0,0,1,0
Syria,2013,7,7,NF,0,0,1,0
Syria,2014,7,7,NF,0,0,1,0
Syria,2015,7,7,NF,0,0,1,0
Syria,2016,7,7,NF,0,0,1,0
Syria,2017,7,7,NF,0,0,1,0
Taiwan,2008,2,1,F,2,1,0,0
Taiwan,2009,1,2,F,2,1,0,0
Taiwan,2010,1,2,F,2,1,0,0
Taiwan,2011,1,2,F,2,1,0,0
Taiwan,2012,1,2,F,2,1,0,0
Taiwan,2013,1,2,F,2,1,0,0
Taiwan,2014,1,2,F,2,1,0,0
Taiwan,2015,1,2,F,2,1,0,0
Taiwan,2016,1,1,F,2,1,0,0
Taiwan,2017,1,1,F,2,1,0,0
Tajikistan,2008,6,5,NF,0,0,1,0
Tajikistan,2009,6,5,NF,0,0,1,0
Tajikistan,2010,6,5,NF,0,0,1,0
Tajikistan,2011,6,5,NF,0,0,1,0
Tajikistan,2012,6,6,NF,0,0,1,0
Tajikistan,2013,6,6,NF,0,0,1,0
Tajikistan,2014,6,6,NF,0,0,1,0
Tajikistan,2015,7,6,NF,0,0,1,0
Tajikistan,2016,7,6,NF,0,0,1,0
Tajikistan,2017,7,6,NF,0,0,1,0
Tanzania,2008,4,3,PF,1,0,0,1
Tanzania,2009,4,3,PF,1,0,0,1
Tanzania,2010,3,3,PF,1,0,0,1
Tanzania,2011,3,3,PF,1,0,0,1
Tanzania,2012,3,3,PF,1,0,0,1
Tanzania,2013,3,3,PF,1,0,0,1
Tanzania,2014,3,3,PF,1,0,0,1
Tanzania,2015,3,4,PF,1,0,0,1
Tanzania,2016,3,4,PF,1,0,0,1
Tanzania,2017,4,4,PF,1,0,0,1
Thailand,2008,5,4,PF,1,0,0,1
Thailand,2009,5,4,PF,1,0,0,1
Thailand,2010,5,4,PF,1,0,0,1
Thailand,2011,4,4,PF,1,0,0,1
Thailand,2012,4,4,PF,1,0,0,1
Thailand,2013,4,4,PF,1,0,0,1
Thailand,2014,6,5,NF,0,0,1,0
Thailand,2015,6,5,NF,0,0,1,0
Thailand,2016,6,5,NF,0,0,1,0
Thailand,2017,6,5,NF,0,0,1,0
The Gambia,2008,5,4,PF,1,0,0,1
The Gambia,2009,5,5,PF,1,0,0,1
The Gambia,2010,5,5,PF,1,0,0,1
The Gambia,2011,6,5,NF,0,0,1,0
The Gambia,2012,6,6,NF,0,0,1,0
The Gambia,2013,6,6,NF,0,0,1,0
The Gambia,2014,6,6,NF,0,0,1,0
The Gambia,2015,7,6,NF,0,0,1,0
The Gambia,2016,6,6,NF,0,0,1,0
The Gambia,2017,4,5,PF,1,0,0,1
Timor-Leste,2008,3,4,PF,1,0,0,1
Timor-Leste,2009,3,4,PF,1,0,0,1
Timor-Leste,2010,3,4,PF,1,0,0,1
Timor-Leste,2011,3,4,PF,1,0,0,1
Timor-Leste,2012,3,4,PF,1,0,0,1
Timor-Leste,2013,3,4,PF,1,0,0,1
Timor-Leste,2014,3,3,PF,1,0,0,1
Timor-Leste,2015,3,3,PF,1,0,0,1
Timor-Leste,2016,3,3,PF,1,0,0,1
Timor-Leste,2017,2,3,F,2,1,0,0
Togo,2008,5,5,PF,1,0,0,1
Togo,2009,5,4,PF,1,0,0,1
Togo,2010,5,4,PF,1,0,0,1
Togo,2011,5,4,PF,1,0,0,1
Togo,2012,5,4,PF,1,0,0,1
Togo,2013,4,4,PF,1,0,0,1
Togo,2014,4,4,PF,1,0,0,1
Togo,2015,4,4,PF,1,0,0,1
Togo,2016,4,4,PF,1,0,0,1
Togo,2017,4,4,PF,1,0,0,1
Tonga,2008,5,3,PF,1,0,0,1
Tonga,2009,5,3,PF,1,0,0,1
Tonga,2010,3,3,PF,1,0,0,1
Tonga,2011,3,3,PF,1,0,0,1
Tonga,2012,3,2,F,2,1,0,0
Tonga,2013,2,2,F,2,1,0,0
Tonga,2014,2,2,F,2,1,0,0
Tonga,2015,2,2,F,2,1,0,0
Tonga,2016,2,2,F,2,1,0,0
Tonga,2017,2,2,F,2,1,0,0
Trinidad and Tobago,2008,2,2,F,2,1,0,0
Trinidad and Tobago,2009,2,2,F,2,1,0,0
Trinidad and Tobago,2010,2,2,F,2,1,0,0
Trinidad and Tobago,2011,2,2,F,2,1,0,0
Trinidad and Tobago,2012,2,2,F,2,1,0,0
Trinidad and Tobago,2013,2,2,F,2,1,0,0
Trinidad and Tobago,2014,2,2,F,2,1,0,0
Trinidad and Tobago,2015,2,2,F,2,1,0,0
Trinidad and Tobago,2016,2,2,F,2,1,0,0
Trinidad and Tobago,2017,2,2,F,2,1,0,0
Tunisia,2008,7,5,NF,0,0,1,0
Tunisia,2009,7,5,NF,0,0,1,0
Tunisia,2010,7,5,NF,0,0,1,0
Tunisia,2011,3,4,PF,1,0,0,1
Tunisia,2012,3,4,PF,1,0,0,1
Tunisia,2013,3,3,PF,1,0,0,1
Tunisia,2014,1,3,F,2,1,0,0
Tunisia,2015,1,3,F,2,1,0,0
Tunisia,2016,1,3,F,2,1,0,0
Tunisia,2017,2,3,F,2,1,0,0
Turkey,2008,3,3,PF,1,0,0,1
Turkey,2009,3,3,PF,1,0,0,1
Turkey,2010,3,3,PF,1,0,0,1
Turkey,2011,3,3,PF,1,0,0,1
Turkey,2012,3,4,PF,1,0,0,1
Turkey,2013,3,4,PF,1,0,0,1
Turkey,2014,3,4,PF,1,0,0,1
Turkey,2015,3,4,PF,1,0,0,1
Turkey,2016,4,5,PF,1,0,0,1
Turkey,2017,5,6,NF,0,0,1,0
Turkmenistan,2008,7,7,NF,0,0,1,0
Turkmenistan,2009,7,7,NF,0,0,1,0
Turkmenistan,2010,7,7,NF,0,0,1,0
Turkmenistan,2011,7,7,NF,0,0,1,0
Turkmenistan,2012,7,7,NF,0,0,1,0
Turkmenistan,2013,7,7,NF,0,0,1,0
Turkmenistan,2014,7,7,NF,0,0,1,0
Turkmenistan,2015,7,7,NF,0,0,1,0
Turkmenistan,2016,7,7,NF,0,0,1,0
Turkmenistan,2017,7,7,NF,0,0,1,0
Tuvalu,2008,1,1,F,2,1,0,0
Tuvalu,2009,1,1,F,2,1,0,0
Tuvalu,2010,1,1,F,2,1,0,0
Tuvalu,2011,1,1,F,2,1,0,0
Tuvalu,2012,1,1,F,2,1,0,0
Tuvalu,2013,1,1,F,2,1,0,0
Tuvalu,2014,1,1,F,2,1,0,0
Tuvalu,2015,1,1,F,2,1,0,0
Tuvalu,2016,1,1,F,2,1,0,0
Tuvalu,2017,1,1,F,2,1,0,0
Uganda,2008,5,4,PF,1,0,0,1
Uganda,2009,5,4,PF,1,0,0,1
Uganda,2010,5,4,PF,1,0,0,1
Uganda,2011,5,4,PF,1,0,0,1
Uganda,2012,5,4,PF,1,0,0,1
Uganda,2013,6,4,PF,1,0,0,1
Uganda,2014,6,5,NF,0,0,1,0
Uganda,2015,6,5,NF,0,0,1,0
Uganda,2016,6,5,NF,0,0,1,0
Uganda,2017,6,4,PF,1,0,0,1
Ukraine,2008,3,2,F,2,1,0,0
Ukraine,2009,3,2,F,2,1,0,0
Ukraine,2010,3,3,PF,1,0,0,1
Ukraine,2011,4,3,PF,1,0,0,1
Ukraine,2012,4,3,PF,1,0,0,1
Ukraine,2013,4,3,PF,1,0,0,1
Ukraine,2014,3,3,PF,1,0,0,1
Ukraine,2015,3,3,PF,1,0,0,1
Ukraine,2016,3,3,PF,1,0,0,1
Ukraine,2017,3,3,PF,1,0,0,1
United Arab Emirates,2008,6,5,NF,0,0,1,0
United Arab Emirates,2009,6,5,NF,0,0,1,0
United Arab Emirates,2010,6,5,NF,0,0,1,0
United Arab Emirates,2011,6,6,NF,0,0,1,0
United Arab Emirates,2012,6,6,NF,0,0,1,0
United Arab Emirates,2013,6,6,NF,0,0,1,0
United Arab Emirates,2014,6,6,NF,0,0,1,0
United Arab Emirates,2015,6,6,NF,0,0,1,0
United Arab Emirates,2016,6,6,NF,0,0,1,0
United Arab Emirates,2017,7,6,NF,0,0,1,0
United Kingdom,2008,1,1,F,2,1,0,0
United Kingdom,2009,1,1,F,2,1,0,0
United Kingdom,2010,1,1,F,2,1,0,0
United Kingdom,2011,1,1,F,2,1,0,0
United Kingdom,2012,1,1,F,2,1,0,0
United Kingdom,2013,1,1,F,2,1,0,0
United Kingdom,2014,1,1,F,2,1,0,0
United Kingdom,2015,1,1,F,2,1,0,0
United Kingdom,2016,1,1,F,2,1,0,0
United Kingdom,2017,1,1,F,2,1,0,0
United States,2008,1,1,F,2,1,0,0
United States,2009,1,1,F,2,1,0,0
United States,2010,1,1,F,2,1,0,0
United States,2011,1,1,F,2,1,0,0
United States,2012,1,1,F,2,1,0,0
United States,2013,1,1,F,2,1,0,0
United States,2014,1,1,F,2,1,0,0
United States,2015,1,1,F,2,1,0,0
United States,2016,1,1,F,2,1,0,0
United States,2017,2,1,F,2,1,0,0
Uruguay,2008,1,1,F,2,1,0,0
Uruguay,2009,1,1,F,2,1,0,0
Uruguay,2010,1,1,F,2,1,0,0
Uruguay,2011,1,1,F,2,1,0,0
Uruguay,2012,1,1,F,2,1,0,0
Uruguay,2013,1,1,F,2,1,0,0
Uruguay,2014,1,1,F,2,1,0,0
Uruguay,2015,1,1,F,2,1,0,0
Uruguay,2016,1,1,F,2,1,0,0
Uruguay,2017,1,1,F,2,1,0,0
Uzbekistan,2008,7,7,NF,0,0,1,0
Uzbekistan,2009,7,7,NF,0,0,1,0
Uzbekistan,2010,7,7,NF,0,0,1,0
Uzbekistan,2011,7,7,NF,0,0,1,0
Uzbekistan,2012,7,7,NF,0,0,1,0
Uzbekistan,2013,7,7,NF,0,0,1,0
Uzbekistan,2014,7,7,NF,0,0,1,0
Uzbekistan,2015,7,7,NF,0,0,1,0
Uzbekistan,2016,7,7,NF,0,0,1,0
Uzbekistan,2017,7,7,NF,0,0,1,0
Vanuatu,2008,2,2,F,2,1,0,0
Vanuatu,2009,2,2,F,2,1,0,0
Vanuatu,2010,2,2,F,2,1,0,0
Vanuatu,2011,2,2,F,2,1,0,0
Vanuatu,2012,2,2,F,2,1,0,0
Vanuatu,2013,2,2,F,2,1,0,0
Vanuatu,2014,2,2,F,2,1,0,0
Vanuatu,2015,2,2,F,2,1,0,0
Vanuatu,2016,2,2,F,2,1,0,0
Vanuatu,2017,2,2,F,2,1,0,0
Venezuela,2008,4,4,PF,1,0,0,1
Venezuela,2009,5,4,PF,1,0,0,1
Venezuela,2010,5,5,PF,1,0,0,1
Venezuela,2011,5,5,PF,1,0,0,1
Venezuela,2012,5,5,PF,1,0,0,1
Venezuela,2013,5,5,PF,1,0,0,1
Venezuela,2014,5,5,PF,1,0,0,1
Venezuela,2015,5,5,PF,1,0,0,1
Venezuela,2016,6,5,NF,0,0,1,0
Venezuela,2017,6,5,NF,0,0,1,0
Vietnam,2008,7,5,NF,0,0,1,0
Vietnam,2009,7,5,NF,0,0,1,0
Vietnam,2010,7,5,NF,0,0,1,0
Vietnam,2011,7,5,NF,0,0,1,0
Vietnam,2012,7,5,NF,0,0,1,0
Vietnam,2013,7,5,NF,0,0,1,0
Vietnam,2014,7,5,NF,0,0,1,0
Vietnam,2015,7,5,NF,0,0,1,0
Vietnam,2016,7,5,NF,0,0,1,0
Vietnam,2017,7,5,NF,0,0,1,0
Yemen,2008,5,5,PF,1,0,0,1
Yemen,2009,6,5,NF,0,0,1,0
Yemen,2010,6,5,NF,0,0,1,0
Yemen,2011,6,6,NF,0,0,1,0
Yemen,2012,6,6,NF,0,0,1,0
Yemen,2013,6,6,NF,0,0,1,0
Yemen,2014,6,6,NF,0,0,1,0
Yemen,2015,7,6,NF,0,0,1,0
Yemen,2016,7,6,NF,0,0,1,0
Yemen,2017,7,6,NF,0,0,1,0
Zambia,2008,3,3,PF,1,0,0,1
Zambia,2009,3,4,PF,1,0,0,1
Zambia,2010,3,4,PF,1,0,0,1
Zambia,2011,3,4,PF,1,0,0,1
Zambia,2012,3,4,PF,1,0,0,1
Zambia,2013,3,4,PF,1,0,0,1
Zambia,2014,3,4,PF,1,0,0,1
Zambia,2015,3,4,PF,1,0,0,1
Zambia,2016,4,4,PF,1,0,0,1
Zambia,2017,4,4,PF,1,0,0,1
Zimbabwe,2008,7,6,NF,0,0,1,0
Zimbabwe,2009,6,6,NF,0,0,1,0
Zimbabwe,2010,6,6,NF,0,0,1,0
Zimbabwe,2011,6,6,NF,0,0,1,0
Zimbabwe,2012,6,6,NF,0,0,1,0
Zimbabwe,2013,5,6,NF,0,0,1,0
Zimbabwe,2014,5,6,NF,0,0,1,0
Zimbabwe,2015,5,5,PF,1,0,0,1
Zimbabwe,2016,5,5,PF,1,0,0,1
Zimbabwe,2017,6,5,NF,0,0,1,0
