country,year,BMR_democracy,BMR_democracy_trans,BMR_democracy_breakdowns,BMR_democracy_duration
united states,2000,1.0,0.0,0.0,201.0
united states,2001,1.0,0.0,0.0,202.0
united states,2002,1.0,0.0,0.0,203.0
united states,2003,1.0,0.0,0.0,204.0
united states,2004,1.0,0.0,0.0,205.0
united states,2005,1.0,0.0,0.0,206.0
united states,2006,1.0,0.0,0.0,207.0
united states,2007,1.0,0.0,0.0,208.0
united states,2008,1.0,0.0,0.0,209.0
united states,2009,1.0,0.0,0.0,210.0
united states,2010,1.0,0.0,0.0,211.0
united states,2011,1.0,0.0,0.0,212.0
united states,2012,1.0,0.0,0.0,213.0
united states,2013,1.0,0.0,0.0,214.0
united states,2014,1.0,0.0,0.0,215.0
united states,2015,1.0,0.0,0.0,216.0
canada,2000,1.0,0.0,0.0,134.0
canada,2001,1.0,0.0,0.0,135.0
canada,2002,1.0,0.0,0.0,136.0
canada,2003,1.0,0.0,0.0,137.0
canada,2004,1.0,0.0,0.0,138.0
canada,2005,1.0,0.0,0.0,139.0
canada,2006,1.0,0.0,0.0,140.0
canada,2007,1.0,0.0,0.0,141.0
canada,2008,1.0,0.0,0.0,142.0
canada,2009,1.0,0.0,0.0,143.0
canada,2010,1.0,0.0,0.0,144.0
canada,2011,1.0,0.0,0.0,145.0
canada,2012,1.0,0.0,0.0,146.0
canada,2013,1.0,0.0,0.0,147.0
canada,2014,1.0,0.0,0.0,148.0
canada,2015,1.0,0.0,0.0,149.0
bahamas,2000,1.0,0.0,0.0,28.0
bahamas,2001,1.0,0.0,0.0,29.0
bahamas,2002,1.0,0.0,0.0,30.0
bahamas,2003,1.0,0.0,0.0,31.0
bahamas,2004,1.0,0.0,0.0,32.0
bahamas,2005,1.0,0.0,0.0,33.0
bahamas,2006,1.0,0.0,0.0,34.0
bahamas,2007,1.0,0.0,0.0,35.0
bahamas,2008,1.0,0.0,0.0,36.0
bahamas,2009,1.0,0.0,0.0,37.0
bahamas,2010,1.0,0.0,0.0,38.0
bahamas,2011,1.0,0.0,0.0,39.0
bahamas,2012,1.0,0.0,0.0,40.0
bahamas,2013,1.0,0.0,0.0,41.0
bahamas,2014,1.0,0.0,0.0,42.0
bahamas,2015,1.0,0.0,0.0,43.0
cuba,2000,0.0,0.0,2.0,48.0
cuba,2001,0.0,0.0,2.0,49.0
cuba,2002,0.0,0.0,2.0,50.0
cuba,2003,0.0,0.0,2.0,51.0
cuba,2004,0.0,0.0,2.0,52.0
cuba,2005,0.0,0.0,2.0,53.0
cuba,2006,0.0,0.0,2.0,54.0
cuba,2007,0.0,0.0,2.0,55.0
cuba,2008,0.0,0.0,2.0,56.0
cuba,2009,0.0,0.0,2.0,57.0
cuba,2010,0.0,0.0,2.0,58.0
cuba,2011,0.0,0.0,2.0,59.0
cuba,2012,0.0,0.0,2.0,60.0
cuba,2013,0.0,0.0,2.0,61.0
cuba,2014,0.0,0.0,2.0,62.0
cuba,2015,0.0,0.0,2.0,63.0
haiti,2000,0.0,0.0,0.0,181.0
haiti,2001,0.0,0.0,0.0,182.0
haiti,2002,0.0,0.0,0.0,183.0
haiti,2003,0.0,0.0,0.0,184.0
haiti,2004,0.0,0.0,0.0,185.0
haiti,2005,0.0,0.0,0.0,186.0
haiti,2006,0.0,0.0,0.0,187.0
haiti,2007,0.0,0.0,0.0,188.0
haiti,2008,0.0,0.0,0.0,189.0
haiti,2009,0.0,0.0,0.0,190.0
haiti,2010,0.0,0.0,0.0,191.0
haiti,2011,0.0,0.0,0.0,192.0
haiti,2012,0.0,0.0,0.0,193.0
haiti,2013,0.0,0.0,0.0,194.0
haiti,2014,0.0,0.0,0.0,195.0
haiti,2015,0.0,0.0,0.0,196.0
dominican republic,2000,1.0,0.0,0.0,35.0
dominican republic,2001,1.0,0.0,0.0,36.0
dominican republic,2002,1.0,0.0,0.0,37.0
dominican republic,2003,1.0,0.0,0.0,38.0
dominican republic,2004,1.0,0.0,0.0,39.0
dominican republic,2005,1.0,0.0,0.0,40.0
dominican republic,2006,1.0,0.0,0.0,41.0
dominican republic,2007,1.0,0.0,0.0,42.0
dominican republic,2008,1.0,0.0,0.0,43.0
dominican republic,2009,1.0,0.0,0.0,44.0
dominican republic,2010,1.0,0.0,0.0,45.0
dominican republic,2011,1.0,0.0,0.0,46.0
dominican republic,2012,1.0,0.0,0.0,47.0
dominican republic,2013,1.0,0.0,0.0,48.0
dominican republic,2014,1.0,0.0,0.0,49.0
dominican republic,2015,1.0,0.0,0.0,50.0
jamaica,2000,1.0,0.0,0.0,39.0
jamaica,2001,1.0,0.0,0.0,40.0
jamaica,2002,1.0,0.0,0.0,41.0
jamaica,2003,1.0,0.0,0.0,42.0
jamaica,2004,1.0,0.0,0.0,43.0
jamaica,2005,1.0,0.0,0.0,44.0
jamaica,2006,1.0,0.0,0.0,45.0
jamaica,2007,1.0,0.0,0.0,46.0
jamaica,2008,1.0,0.0,0.0,47.0
jamaica,2009,1.0,0.0,0.0,48.0
jamaica,2010,1.0,0.0,0.0,49.0
jamaica,2011,1.0,0.0,0.0,50.0
jamaica,2012,1.0,0.0,0.0,51.0
jamaica,2013,1.0,0.0,0.0,52.0
jamaica,2014,1.0,0.0,0.0,53.0
jamaica,2015,1.0,0.0,0.0,54.0
trinidad & tobago,2000,1.0,0.0,0.0,39.0
trinidad & tobago,2001,1.0,0.0,0.0,40.0
trinidad & tobago,2002,1.0,0.0,0.0,41.0
trinidad & tobago,2003,1.0,0.0,0.0,42.0
trinidad & tobago,2004,1.0,0.0,0.0,43.0
trinidad & tobago,2005,1.0,0.0,0.0,44.0
trinidad & tobago,2006,1.0,0.0,0.0,45.0
trinidad & tobago,2007,1.0,0.0,0.0,46.0
trinidad & tobago,2008,1.0,0.0,0.0,47.0
trinidad & tobago,2009,1.0,0.0,0.0,48.0
trinidad & tobago,2010,1.0,0.0,0.0,49.0
trinidad & tobago,2011,1.0,0.0,0.0,50.0
trinidad & tobago,2012,1.0,0.0,0.0,51.0
trinidad & tobago,2013,1.0,0.0,0.0,52.0
trinidad & tobago,2014,1.0,0.0,0.0,53.0
trinidad & tobago,2015,1.0,0.0,0.0,54.0
barbados,2000,1.0,0.0,0.0,35.0
barbados,2001,1.0,0.0,0.0,36.0
barbados,2002,1.0,0.0,0.0,37.0
barbados,2003,1.0,0.0,0.0,38.0
barbados,2004,1.0,0.0,0.0,39.0
barbados,2005,1.0,0.0,0.0,40.0
barbados,2006,1.0,0.0,0.0,41.0
barbados,2007,1.0,0.0,0.0,42.0
barbados,2008,1.0,0.0,0.0,43.0
barbados,2009,1.0,0.0,0.0,44.0
barbados,2010,1.0,0.0,0.0,45.0
barbados,2011,1.0,0.0,0.0,46.0
barbados,2012,1.0,0.0,0.0,47.0
barbados,2013,1.0,0.0,0.0,48.0
barbados,2014,1.0,0.0,0.0,49.0
barbados,2015,1.0,0.0,0.0,50.0
dominica,2000,1.0,0.0,0.0,23.0
dominica,2001,1.0,0.0,0.0,24.0
dominica,2002,1.0,0.0,0.0,25.0
dominica,2003,1.0,0.0,0.0,26.0
dominica,2004,1.0,0.0,0.0,27.0
dominica,2005,1.0,0.0,0.0,28.0
dominica,2006,1.0,0.0,0.0,29.0
dominica,2007,1.0,0.0,0.0,30.0
dominica,2008,1.0,0.0,0.0,31.0
dominica,2009,1.0,0.0,0.0,32.0
dominica,2010,1.0,0.0,0.0,33.0
dominica,2011,1.0,0.0,0.0,34.0
dominica,2012,1.0,0.0,0.0,35.0
dominica,2013,1.0,0.0,0.0,36.0
dominica,2014,1.0,0.0,0.0,37.0
dominica,2015,1.0,0.0,0.0,38.0
grenada,2000,1.0,0.0,1.0,17.0
grenada,2001,1.0,0.0,1.0,18.0
grenada,2002,1.0,0.0,1.0,19.0
grenada,2003,1.0,0.0,1.0,20.0
grenada,2004,1.0,0.0,1.0,21.0
grenada,2005,1.0,0.0,1.0,22.0
grenada,2006,1.0,0.0,1.0,23.0
grenada,2007,1.0,0.0,1.0,24.0
grenada,2008,1.0,0.0,1.0,25.0
grenada,2009,1.0,0.0,1.0,26.0
grenada,2010,1.0,0.0,1.0,27.0
grenada,2011,1.0,0.0,1.0,28.0
grenada,2012,1.0,0.0,1.0,29.0
grenada,2013,1.0,0.0,1.0,30.0
grenada,2014,1.0,0.0,1.0,31.0
grenada,2015,1.0,0.0,1.0,32.0
st. lucia,2000,1.0,0.0,0.0,22.0
st. lucia,2001,1.0,0.0,0.0,23.0
st. lucia,2002,1.0,0.0,0.0,24.0
st. lucia,2003,1.0,0.0,0.0,25.0
st. lucia,2004,1.0,0.0,0.0,26.0
st. lucia,2005,1.0,0.0,0.0,27.0
st. lucia,2006,1.0,0.0,0.0,28.0
st. lucia,2007,1.0,0.0,0.0,29.0
st. lucia,2008,1.0,0.0,0.0,30.0
st. lucia,2009,1.0,0.0,0.0,31.0
st. lucia,2010,1.0,0.0,0.0,32.0
st. lucia,2011,1.0,0.0,0.0,33.0
st. lucia,2012,1.0,0.0,0.0,34.0
st. lucia,2013,1.0,0.0,0.0,35.0
st. lucia,2014,1.0,0.0,0.0,36.0
st. lucia,2015,1.0,0.0,0.0,37.0
st. vincent & gren.,2000,1.0,0.0,0.0,22.0
st. vincent & gren.,2001,1.0,0.0,0.0,23.0
st. vincent & gren.,2002,1.0,0.0,0.0,24.0
st. vincent & gren.,2003,1.0,0.0,0.0,25.0
st. vincent & gren.,2004,1.0,0.0,0.0,26.0
st. vincent & gren.,2005,1.0,0.0,0.0,27.0
st. vincent & gren.,2006,1.0,0.0,0.0,28.0
st. vincent & gren.,2007,1.0,0.0,0.0,29.0
st. vincent & gren.,2008,1.0,0.0,0.0,30.0
st. vincent & gren.,2009,1.0,0.0,0.0,31.0
st. vincent & gren.,2010,1.0,0.0,0.0,32.0
st. vincent & gren.,2011,1.0,0.0,0.0,33.0
st. vincent & gren.,2012,1.0,0.0,0.0,34.0
st. vincent & gren.,2013,1.0,0.0,0.0,35.0
st. vincent & gren.,2014,1.0,0.0,0.0,36.0
st. vincent & gren.,2015,1.0,0.0,0.0,37.0
antigua,2000,0.0,0.0,0.0,19.0
antigua,2001,0.0,0.0,0.0,20.0
antigua,2002,0.0,0.0,0.0,21.0
antigua,2003,0.0,0.0,0.0,22.0
antigua,2004,1.0,1.0,0.0,1.0
antigua,2005,1.0,0.0,0.0,2.0
antigua,2006,1.0,0.0,0.0,3.0
antigua,2007,1.0,0.0,0.0,4.0
antigua,2008,1.0,0.0,0.0,5.0
antigua,2009,1.0,0.0,0.0,6.0
antigua,2010,1.0,0.0,0.0,7.0
antigua,2011,1.0,0.0,0.0,8.0
antigua,2012,1.0,0.0,0.0,9.0
antigua,2013,1.0,0.0,0.0,10.0
antigua,2014,1.0,0.0,0.0,11.0
antigua,2015,1.0,0.0,0.0,12.0
st. kitts & nevis,2000,1.0,0.0,0.0,17.0
st. kitts & nevis,2001,1.0,0.0,0.0,18.0
st. kitts & nevis,2002,1.0,0.0,0.0,19.0
st. kitts & nevis,2003,1.0,0.0,0.0,20.0
st. kitts & nevis,2004,1.0,0.0,0.0,21.0
st. kitts & nevis,2005,1.0,0.0,0.0,22.0
st. kitts & nevis,2006,1.0,0.0,0.0,23.0
st. kitts & nevis,2007,1.0,0.0,0.0,24.0
st. kitts & nevis,2008,1.0,0.0,0.0,25.0
st. kitts & nevis,2009,1.0,0.0,0.0,26.0
st. kitts & nevis,2010,1.0,0.0,0.0,27.0
st. kitts & nevis,2011,1.0,0.0,0.0,28.0
st. kitts & nevis,2012,1.0,0.0,0.0,29.0
st. kitts & nevis,2013,1.0,0.0,0.0,30.0
st. kitts & nevis,2014,1.0,0.0,0.0,31.0
st. kitts & nevis,2015,1.0,0.0,0.0,32.0
mexico,2000,1.0,1.0,0.0,1.0
mexico,2001,1.0,0.0,0.0,2.0
mexico,2002,1.0,0.0,0.0,3.0
mexico,2003,1.0,0.0,0.0,4.0
mexico,2004,1.0,0.0,0.0,5.0
mexico,2005,1.0,0.0,0.0,6.0
mexico,2006,1.0,0.0,0.0,7.0
mexico,2007,1.0,0.0,0.0,8.0
mexico,2008,1.0,0.0,0.0,9.0
mexico,2009,1.0,0.0,0.0,10.0
mexico,2010,1.0,0.0,0.0,11.0
mexico,2011,1.0,0.0,0.0,12.0
mexico,2012,1.0,0.0,0.0,13.0
mexico,2013,1.0,0.0,0.0,14.0
mexico,2014,1.0,0.0,0.0,15.0
mexico,2015,1.0,0.0,0.0,16.0
belize,2000,1.0,0.0,0.0,20.0
belize,2001,1.0,0.0,0.0,21.0
belize,2002,1.0,0.0,0.0,22.0
belize,2003,1.0,0.0,0.0,23.0
belize,2004,1.0,0.0,0.0,24.0
belize,2005,1.0,0.0,0.0,25.0
belize,2006,1.0,0.0,0.0,26.0
belize,2007,1.0,0.0,0.0,27.0
belize,2008,1.0,0.0,0.0,28.0
belize,2009,1.0,0.0,0.0,29.0
belize,2010,1.0,0.0,0.0,30.0
belize,2011,1.0,0.0,0.0,31.0
belize,2012,1.0,0.0,0.0,32.0
belize,2013,1.0,0.0,0.0,33.0
belize,2014,1.0,0.0,0.0,34.0
belize,2015,1.0,0.0,0.0,35.0
guatemala,2000,1.0,0.0,3.0,15.0
guatemala,2001,1.0,0.0,3.0,16.0
guatemala,2002,1.0,0.0,3.0,17.0
guatemala,2003,1.0,0.0,3.0,18.0
guatemala,2004,1.0,0.0,3.0,19.0
guatemala,2005,1.0,0.0,3.0,20.0
guatemala,2006,1.0,0.0,3.0,21.0
guatemala,2007,1.0,0.0,3.0,22.0
guatemala,2008,1.0,0.0,3.0,23.0
guatemala,2009,1.0,0.0,3.0,24.0
guatemala,2010,1.0,0.0,3.0,25.0
guatemala,2011,1.0,0.0,3.0,26.0
guatemala,2012,1.0,0.0,3.0,27.0
guatemala,2013,1.0,0.0,3.0,28.0
guatemala,2014,1.0,0.0,3.0,29.0
guatemala,2015,1.0,0.0,3.0,30.0
honduras,2000,1.0,0.0,2.0,19.0
honduras,2001,1.0,0.0,2.0,20.0
honduras,2002,1.0,0.0,2.0,21.0
honduras,2003,1.0,0.0,2.0,22.0
honduras,2004,1.0,0.0,2.0,23.0
honduras,2005,1.0,0.0,2.0,24.0
honduras,2006,1.0,0.0,2.0,25.0
honduras,2007,1.0,0.0,2.0,26.0
honduras,2008,1.0,0.0,2.0,27.0
honduras,2009,0.0,-1.0,3.0,1.0
honduras,2010,1.0,1.0,3.0,1.0
honduras,2011,1.0,0.0,3.0,2.0
honduras,2012,1.0,0.0,3.0,3.0
honduras,2013,1.0,0.0,3.0,4.0
honduras,2014,1.0,0.0,3.0,5.0
honduras,2015,1.0,0.0,3.0,6.0
el salvador,2000,1.0,0.0,0.0,17.0
el salvador,2001,1.0,0.0,0.0,18.0
el salvador,2002,1.0,0.0,0.0,19.0
el salvador,2003,1.0,0.0,0.0,20.0
el salvador,2004,1.0,0.0,0.0,21.0
el salvador,2005,1.0,0.0,0.0,22.0
el salvador,2006,1.0,0.0,0.0,23.0
el salvador,2007,1.0,0.0,0.0,24.0
el salvador,2008,1.0,0.0,0.0,25.0
el salvador,2009,1.0,0.0,0.0,26.0
el salvador,2010,1.0,0.0,0.0,27.0
el salvador,2011,1.0,0.0,0.0,28.0
el salvador,2012,1.0,0.0,0.0,29.0
el salvador,2013,1.0,0.0,0.0,30.0
el salvador,2014,1.0,0.0,0.0,31.0
el salvador,2015,1.0,0.0,0.0,32.0
nicaragua,2000,1.0,0.0,0.0,17.0
nicaragua,2001,1.0,0.0,0.0,18.0
nicaragua,2002,1.0,0.0,0.0,19.0
nicaragua,2003,1.0,0.0,0.0,20.0
nicaragua,2004,1.0,0.0,0.0,21.0
nicaragua,2005,1.0,0.0,0.0,22.0
nicaragua,2006,1.0,0.0,0.0,23.0
nicaragua,2007,1.0,0.0,0.0,24.0
nicaragua,2008,1.0,0.0,0.0,25.0
nicaragua,2009,1.0,0.0,0.0,26.0
nicaragua,2010,1.0,0.0,0.0,27.0
nicaragua,2011,1.0,0.0,0.0,28.0
nicaragua,2012,1.0,0.0,0.0,29.0
nicaragua,2013,1.0,0.0,0.0,30.0
nicaragua,2014,1.0,0.0,0.0,31.0
nicaragua,2015,1.0,0.0,0.0,32.0
costa rica,2000,1.0,0.0,0.0,52.0
costa rica,2001,1.0,0.0,0.0,53.0
costa rica,2002,1.0,0.0,0.0,54.0
costa rica,2003,1.0,0.0,0.0,55.0
costa rica,2004,1.0,0.0,0.0,56.0
costa rica,2005,1.0,0.0,0.0,57.0
costa rica,2006,1.0,0.0,0.0,58.0
costa rica,2007,1.0,0.0,0.0,59.0
costa rica,2008,1.0,0.0,0.0,60.0
costa rica,2009,1.0,0.0,0.0,61.0
costa rica,2010,1.0,0.0,0.0,62.0
costa rica,2011,1.0,0.0,0.0,63.0
costa rica,2012,1.0,0.0,0.0,64.0
costa rica,2013,1.0,0.0,0.0,65.0
costa rica,2014,1.0,0.0,0.0,66.0
costa rica,2015,1.0,0.0,0.0,67.0
panama,2000,1.0,0.0,2.0,10.0
panama,2001,1.0,0.0,2.0,11.0
panama,2002,1.0,0.0,2.0,12.0
panama,2003,1.0,0.0,2.0,13.0
panama,2004,1.0,0.0,2.0,14.0
panama,2005,1.0,0.0,2.0,15.0
panama,2006,1.0,0.0,2.0,16.0
panama,2007,1.0,0.0,2.0,17.0
panama,2008,1.0,0.0,2.0,18.0
panama,2009,1.0,0.0,2.0,19.0
panama,2010,1.0,0.0,2.0,20.0
panama,2011,1.0,0.0,2.0,21.0
panama,2012,1.0,0.0,2.0,22.0
panama,2013,1.0,0.0,2.0,23.0
panama,2014,1.0,0.0,2.0,24.0
panama,2015,1.0,0.0,2.0,25.0
colombia,2000,1.0,0.0,1.0,43.0
colombia,2001,1.0,0.0,1.0,44.0
colombia,2002,1.0,0.0,1.0,45.0
colombia,2003,1.0,0.0,1.0,46.0
colombia,2004,1.0,0.0,1.0,47.0
colombia,2005,1.0,0.0,1.0,48.0
colombia,2006,1.0,0.0,1.0,49.0
colombia,2007,1.0,0.0,1.0,50.0
colombia,2008,1.0,0.0,1.0,51.0
colombia,2009,1.0,0.0,1.0,52.0
colombia,2010,1.0,0.0,1.0,53.0
colombia,2011,1.0,0.0,1.0,54.0
colombia,2012,1.0,0.0,1.0,55.0
colombia,2013,1.0,0.0,1.0,56.0
colombia,2014,1.0,0.0,1.0,57.0
colombia,2015,1.0,0.0,1.0,58.0
venezuela,2000,1.0,0.0,0.0,42.0
venezuela,2001,1.0,0.0,0.0,43.0
venezuela,2002,1.0,0.0,0.0,44.0
venezuela,2003,1.0,0.0,0.0,45.0
venezuela,2004,1.0,0.0,0.0,46.0
venezuela,2005,0.0,-1.0,1.0,1.0
venezuela,2006,0.0,0.0,1.0,2.0
venezuela,2007,0.0,0.0,1.0,3.0
venezuela,2008,0.0,0.0,1.0,4.0
venezuela,2009,0.0,0.0,1.0,5.0
venezuela,2010,0.0,0.0,1.0,6.0
venezuela,2011,0.0,0.0,1.0,7.0
venezuela,2012,0.0,0.0,1.0,8.0
venezuela,2013,0.0,0.0,1.0,9.0
venezuela,2014,0.0,0.0,1.0,10.0
venezuela,2015,0.0,0.0,1.0,11.0
guyana,2000,1.0,0.0,0.0,9.0
guyana,2001,1.0,0.0,0.0,10.0
guyana,2002,1.0,0.0,0.0,11.0
guyana,2003,1.0,0.0,0.0,12.0
guyana,2004,1.0,0.0,0.0,13.0
guyana,2005,1.0,0.0,0.0,14.0
guyana,2006,1.0,0.0,0.0,15.0
guyana,2007,1.0,0.0,0.0,16.0
guyana,2008,1.0,0.0,0.0,17.0
guyana,2009,1.0,0.0,0.0,18.0
guyana,2010,1.0,0.0,0.0,19.0
guyana,2011,1.0,0.0,0.0,20.0
guyana,2012,1.0,0.0,0.0,21.0
guyana,2013,1.0,0.0,0.0,22.0
guyana,2014,1.0,0.0,0.0,23.0
guyana,2015,1.0,0.0,0.0,24.0
suriname,2000,1.0,0.0,2.0,10.0
suriname,2001,1.0,0.0,2.0,11.0
suriname,2002,1.0,0.0,2.0,12.0
suriname,2003,1.0,0.0,2.0,13.0
suriname,2004,1.0,0.0,2.0,14.0
suriname,2005,1.0,0.0,2.0,15.0
suriname,2006,1.0,0.0,2.0,16.0
suriname,2007,1.0,0.0,2.0,17.0
suriname,2008,1.0,0.0,2.0,18.0
suriname,2009,1.0,0.0,2.0,19.0
suriname,2010,1.0,0.0,2.0,20.0
suriname,2011,1.0,0.0,2.0,21.0
suriname,2012,1.0,0.0,2.0,22.0
suriname,2013,1.0,0.0,2.0,23.0
suriname,2014,1.0,0.0,2.0,24.0
suriname,2015,1.0,0.0,2.0,25.0
ecuador,2000,0.0,-1.0,2.0,1.0
ecuador,2001,0.0,0.0,2.0,2.0
ecuador,2002,0.0,0.0,2.0,3.0
ecuador,2003,1.0,1.0,2.0,1.0
ecuador,2004,1.0,0.0,2.0,2.0
ecuador,2005,1.0,0.0,2.0,3.0
ecuador,2006,1.0,0.0,2.0,4.0
ecuador,2007,1.0,0.0,2.0,5.0
ecuador,2008,1.0,0.0,2.0,6.0
ecuador,2009,1.0,0.0,2.0,7.0
ecuador,2010,1.0,0.0,2.0,8.0
ecuador,2011,1.0,0.0,2.0,9.0
ecuador,2012,1.0,0.0,2.0,10.0
ecuador,2013,1.0,0.0,2.0,11.0
ecuador,2014,1.0,0.0,2.0,12.0
ecuador,2015,1.0,0.0,2.0,13.0
peru,2000,0.0,0.0,3.0,11.0
peru,2001,1.0,1.0,3.0,1.0
peru,2002,1.0,0.0,3.0,2.0
peru,2003,1.0,0.0,3.0,3.0
peru,2004,1.0,0.0,3.0,4.0
peru,2005,1.0,0.0,3.0,5.0
peru,2006,1.0,0.0,3.0,6.0
peru,2007,1.0,0.0,3.0,7.0
peru,2008,1.0,0.0,3.0,8.0
peru,2009,1.0,0.0,3.0,9.0
peru,2010,1.0,0.0,3.0,10.0
peru,2011,1.0,0.0,3.0,11.0
peru,2012,1.0,0.0,3.0,12.0
peru,2013,1.0,0.0,3.0,13.0
peru,2014,1.0,0.0,3.0,14.0
peru,2015,1.0,0.0,3.0,15.0
brazil,2000,1.0,0.0,1.0,16.0
brazil,2001,1.0,0.0,1.0,17.0
brazil,2002,1.0,0.0,1.0,18.0
brazil,2003,1.0,0.0,1.0,19.0
brazil,2004,1.0,0.0,1.0,20.0
brazil,2005,1.0,0.0,1.0,21.0
brazil,2006,1.0,0.0,1.0,22.0
brazil,2007,1.0,0.0,1.0,23.0
brazil,2008,1.0,0.0,1.0,24.0
brazil,2009,1.0,0.0,1.0,25.0
brazil,2010,1.0,0.0,1.0,26.0
brazil,2011,1.0,0.0,1.0,27.0
brazil,2012,1.0,0.0,1.0,28.0
brazil,2013,1.0,0.0,1.0,29.0
brazil,2014,1.0,0.0,1.0,30.0
brazil,2015,1.0,0.0,1.0,31.0
bolivia,2000,1.0,0.0,1.0,19.0
bolivia,2001,1.0,0.0,1.0,20.0
bolivia,2002,1.0,0.0,1.0,21.0
bolivia,2003,1.0,0.0,1.0,22.0
bolivia,2004,1.0,0.0,1.0,23.0
bolivia,2005,1.0,0.0,1.0,24.0
bolivia,2006,1.0,0.0,1.0,25.0
bolivia,2007,1.0,0.0,1.0,26.0
bolivia,2008,1.0,0.0,1.0,27.0
bolivia,2009,1.0,0.0,1.0,28.0
bolivia,2010,1.0,0.0,1.0,29.0
bolivia,2011,1.0,0.0,1.0,30.0
bolivia,2012,1.0,0.0,1.0,31.0
bolivia,2013,1.0,0.0,1.0,32.0
bolivia,2014,1.0,0.0,1.0,33.0
bolivia,2015,1.0,0.0,1.0,34.0
paraguay,2000,0.0,0.0,0.0,190.0
paraguay,2001,0.0,0.0,0.0,191.0
paraguay,2002,0.0,0.0,0.0,192.0
paraguay,2003,1.0,1.0,0.0,1.0
paraguay,2004,1.0,0.0,0.0,2.0
paraguay,2005,1.0,0.0,0.0,3.0
paraguay,2006,1.0,0.0,0.0,4.0
paraguay,2007,1.0,0.0,0.0,5.0
paraguay,2008,1.0,0.0,0.0,6.0
paraguay,2009,1.0,0.0,0.0,7.0
paraguay,2010,1.0,0.0,0.0,8.0
paraguay,2011,1.0,0.0,0.0,9.0
paraguay,2012,1.0,0.0,0.0,10.0
paraguay,2013,1.0,0.0,0.0,11.0
paraguay,2014,1.0,0.0,0.0,12.0
paraguay,2015,1.0,0.0,0.0,13.0
chile,2000,1.0,0.0,2.0,11.0
chile,2001,1.0,0.0,2.0,12.0
chile,2002,1.0,0.0,2.0,13.0
chile,2003,1.0,0.0,2.0,14.0
chile,2004,1.0,0.0,2.0,15.0
chile,2005,1.0,0.0,2.0,16.0
chile,2006,1.0,0.0,2.0,17.0
chile,2007,1.0,0.0,2.0,18.0
chile,2008,1.0,0.0,2.0,19.0
chile,2009,1.0,0.0,2.0,20.0
chile,2010,1.0,0.0,2.0,21.0
chile,2011,1.0,0.0,2.0,22.0
chile,2012,1.0,0.0,2.0,23.0
chile,2013,1.0,0.0,2.0,24.0
chile,2014,1.0,0.0,2.0,25.0
chile,2015,1.0,0.0,2.0,26.0
argentina,2000,1.0,0.0,4.0,18.0
argentina,2001,1.0,0.0,4.0,19.0
argentina,2002,1.0,0.0,4.0,20.0
argentina,2003,1.0,0.0,4.0,21.0
argentina,2004,1.0,0.0,4.0,22.0
argentina,2005,1.0,0.0,4.0,23.0
argentina,2006,1.0,0.0,4.0,24.0
argentina,2007,1.0,0.0,4.0,25.0
argentina,2008,1.0,0.0,4.0,26.0
argentina,2009,1.0,0.0,4.0,27.0
argentina,2010,1.0,0.0,4.0,28.0
argentina,2011,1.0,0.0,4.0,29.0
argentina,2012,1.0,0.0,4.0,30.0
argentina,2013,1.0,0.0,4.0,31.0
argentina,2014,1.0,0.0,4.0,32.0
argentina,2015,1.0,0.0,4.0,33.0
uruguay,2000,1.0,0.0,2.0,16.0
uruguay,2001,1.0,0.0,2.0,17.0
uruguay,2002,1.0,0.0,2.0,18.0
uruguay,2003,1.0,0.0,2.0,19.0
uruguay,2004,1.0,0.0,2.0,20.0
uruguay,2005,1.0,0.0,2.0,21.0
uruguay,2006,1.0,0.0,2.0,22.0
uruguay,2007,1.0,0.0,2.0,23.0
uruguay,2008,1.0,0.0,2.0,24.0
uruguay,2009,1.0,0.0,2.0,25.0
uruguay,2010,1.0,0.0,2.0,26.0
uruguay,2011,1.0,0.0,2.0,27.0
uruguay,2012,1.0,0.0,2.0,28.0
uruguay,2013,1.0,0.0,2.0,29.0
uruguay,2014,1.0,0.0,2.0,30.0
uruguay,2015,1.0,0.0,2.0,31.0
united kingdom,2000,1.0,0.0,0.0,116.0
united kingdom,2001,1.0,0.0,0.0,117.0
united kingdom,2002,1.0,0.0,0.0,118.0
united kingdom,2003,1.0,0.0,0.0,119.0
united kingdom,2004,1.0,0.0,0.0,120.0
united kingdom,2005,1.0,0.0,0.0,121.0
united kingdom,2006,1.0,0.0,0.0,122.0
united kingdom,2007,1.0,0.0,0.0,123.0
united kingdom,2008,1.0,0.0,0.0,124.0
united kingdom,2009,1.0,0.0,0.0,125.0
united kingdom,2010,1.0,0.0,0.0,126.0
united kingdom,2011,1.0,0.0,0.0,127.0
united kingdom,2012,1.0,0.0,0.0,128.0
united kingdom,2013,1.0,0.0,0.0,129.0
united kingdom,2014,1.0,0.0,0.0,130.0
united kingdom,2015,1.0,0.0,0.0,131.0
ireland,2000,1.0,0.0,0.0,79.0
ireland,2001,1.0,0.0,0.0,80.0
ireland,2002,1.0,0.0,0.0,81.0
ireland,2003,1.0,0.0,0.0,82.0
ireland,2004,1.0,0.0,0.0,83.0
ireland,2005,1.0,0.0,0.0,84.0
ireland,2006,1.0,0.0,0.0,85.0
ireland,2007,1.0,0.0,0.0,86.0
ireland,2008,1.0,0.0,0.0,87.0
ireland,2009,1.0,0.0,0.0,88.0
ireland,2010,1.0,0.0,0.0,89.0
ireland,2011,1.0,0.0,0.0,90.0
ireland,2012,1.0,0.0,0.0,91.0
ireland,2013,1.0,0.0,0.0,92.0
ireland,2014,1.0,0.0,0.0,93.0
ireland,2015,1.0,0.0,0.0,94.0
netherlands,2000,1.0,0.0,0.0,104.0
netherlands,2001,1.0,0.0,0.0,105.0
netherlands,2002,1.0,0.0,0.0,106.0
netherlands,2003,1.0,0.0,0.0,107.0
netherlands,2004,1.0,0.0,0.0,108.0
netherlands,2005,1.0,0.0,0.0,109.0
netherlands,2006,1.0,0.0,0.0,110.0
netherlands,2007,1.0,0.0,0.0,111.0
netherlands,2008,1.0,0.0,0.0,112.0
netherlands,2009,1.0,0.0,0.0,113.0
netherlands,2010,1.0,0.0,0.0,114.0
netherlands,2011,1.0,0.0,0.0,115.0
netherlands,2012,1.0,0.0,0.0,116.0
netherlands,2013,1.0,0.0,0.0,117.0
netherlands,2014,1.0,0.0,0.0,118.0
netherlands,2015,1.0,0.0,0.0,119.0
belgium,2000,1.0,0.0,0.0,107.0
belgium,2001,1.0,0.0,0.0,108.0
belgium,2002,1.0,0.0,0.0,109.0
belgium,2003,1.0,0.0,0.0,110.0
belgium,2004,1.0,0.0,0.0,111.0
belgium,2005,1.0,0.0,0.0,112.0
belgium,2006,1.0,0.0,0.0,113.0
belgium,2007,1.0,0.0,0.0,114.0
belgium,2008,1.0,0.0,0.0,115.0
belgium,2009,1.0,0.0,0.0,116.0
belgium,2010,1.0,0.0,0.0,117.0
belgium,2011,1.0,0.0,0.0,118.0
belgium,2012,1.0,0.0,0.0,119.0
belgium,2013,1.0,0.0,0.0,120.0
belgium,2014,1.0,0.0,0.0,121.0
belgium,2015,1.0,0.0,0.0,122.0
luxembourg,2000,1.0,0.0,0.0,111.0
luxembourg,2001,1.0,0.0,0.0,112.0
luxembourg,2002,1.0,0.0,0.0,113.0
luxembourg,2003,1.0,0.0,0.0,114.0
luxembourg,2004,1.0,0.0,0.0,115.0
luxembourg,2005,1.0,0.0,0.0,116.0
luxembourg,2006,1.0,0.0,0.0,117.0
luxembourg,2007,1.0,0.0,0.0,118.0
luxembourg,2008,1.0,0.0,0.0,119.0
luxembourg,2009,1.0,0.0,0.0,120.0
luxembourg,2010,1.0,0.0,0.0,121.0
luxembourg,2011,1.0,0.0,0.0,122.0
luxembourg,2012,1.0,0.0,0.0,123.0
luxembourg,2013,1.0,0.0,0.0,124.0
luxembourg,2014,1.0,0.0,0.0,125.0
luxembourg,2015,1.0,0.0,0.0,126.0
france,2000,1.0,0.0,2.0,55.0
france,2001,1.0,0.0,2.0,56.0
france,2002,1.0,0.0,2.0,57.0
france,2003,1.0,0.0,2.0,58.0
france,2004,1.0,0.0,2.0,59.0
france,2005,1.0,0.0,2.0,60.0
france,2006,1.0,0.0,2.0,61.0
france,2007,1.0,0.0,2.0,62.0
france,2008,1.0,0.0,2.0,63.0
france,2009,1.0,0.0,2.0,64.0
france,2010,1.0,0.0,2.0,65.0
france,2011,1.0,0.0,2.0,66.0
france,2012,1.0,0.0,2.0,67.0
france,2013,1.0,0.0,2.0,68.0
france,2014,1.0,0.0,2.0,69.0
france,2015,1.0,0.0,2.0,70.0
monaco,2000,1.0,0.0,0.0,7.0
monaco,2001,1.0,0.0,0.0,8.0
monaco,2002,1.0,0.0,0.0,9.0
monaco,2003,1.0,0.0,0.0,10.0
monaco,2004,1.0,0.0,0.0,11.0
monaco,2005,1.0,0.0,0.0,12.0
monaco,2006,1.0,0.0,0.0,13.0
monaco,2007,1.0,0.0,0.0,14.0
monaco,2008,1.0,0.0,0.0,15.0
monaco,2009,1.0,0.0,0.0,16.0
monaco,2010,1.0,0.0,0.0,17.0
monaco,2011,1.0,0.0,0.0,18.0
monaco,2012,1.0,0.0,0.0,19.0
monaco,2013,1.0,0.0,0.0,20.0
monaco,2014,1.0,0.0,0.0,21.0
monaco,2015,1.0,0.0,0.0,22.0
liechstenstein,2000,1.0,0.0,0.0,10.0
liechstenstein,2001,1.0,0.0,0.0,11.0
liechstenstein,2002,1.0,0.0,0.0,12.0
liechstenstein,2003,1.0,0.0,0.0,13.0
liechstenstein,2004,1.0,0.0,0.0,14.0
liechstenstein,2005,1.0,0.0,0.0,15.0
liechstenstein,2006,1.0,0.0,0.0,16.0
liechstenstein,2007,1.0,0.0,0.0,17.0
liechstenstein,2008,1.0,0.0,0.0,18.0
liechstenstein,2009,1.0,0.0,0.0,19.0
liechstenstein,2010,1.0,0.0,0.0,20.0
liechstenstein,2011,1.0,0.0,0.0,21.0
liechstenstein,2012,1.0,0.0,0.0,22.0
liechstenstein,2013,1.0,0.0,0.0,23.0
liechstenstein,2014,1.0,0.0,0.0,24.0
liechstenstein,2015,1.0,0.0,0.0,25.0
switzerland,2000,1.0,0.0,0.0,153.0
switzerland,2001,1.0,0.0,0.0,154.0
switzerland,2002,1.0,0.0,0.0,155.0
switzerland,2003,1.0,0.0,0.0,156.0
switzerland,2004,1.0,0.0,0.0,157.0
switzerland,2005,1.0,0.0,0.0,158.0
switzerland,2006,1.0,0.0,0.0,159.0
switzerland,2007,1.0,0.0,0.0,160.0
switzerland,2008,1.0,0.0,0.0,161.0
switzerland,2009,1.0,0.0,0.0,162.0
switzerland,2010,1.0,0.0,0.0,163.0
switzerland,2011,1.0,0.0,0.0,164.0
switzerland,2012,1.0,0.0,0.0,165.0
switzerland,2013,1.0,0.0,0.0,166.0
switzerland,2014,1.0,0.0,0.0,167.0
switzerland,2015,1.0,0.0,0.0,168.0
spain,2000,1.0,0.0,1.0,24.0
spain,2001,1.0,0.0,1.0,25.0
spain,2002,1.0,0.0,1.0,26.0
spain,2003,1.0,0.0,1.0,27.0
spain,2004,1.0,0.0,1.0,28.0
spain,2005,1.0,0.0,1.0,29.0
spain,2006,1.0,0.0,1.0,30.0
spain,2007,1.0,0.0,1.0,31.0
spain,2008,1.0,0.0,1.0,32.0
spain,2009,1.0,0.0,1.0,33.0
spain,2010,1.0,0.0,1.0,34.0
spain,2011,1.0,0.0,1.0,35.0
spain,2012,1.0,0.0,1.0,36.0
spain,2013,1.0,0.0,1.0,37.0
spain,2014,1.0,0.0,1.0,38.0
spain,2015,1.0,0.0,1.0,39.0
andorra,2000,1.0,0.0,0.0,7.0
andorra,2001,1.0,0.0,0.0,8.0
andorra,2002,1.0,0.0,0.0,9.0
andorra,2003,1.0,0.0,0.0,10.0
andorra,2004,1.0,0.0,0.0,11.0
andorra,2005,1.0,0.0,0.0,12.0
andorra,2006,1.0,0.0,0.0,13.0
andorra,2007,1.0,0.0,0.0,14.0
andorra,2008,1.0,0.0,0.0,15.0
andorra,2009,1.0,0.0,0.0,16.0
andorra,2010,1.0,0.0,0.0,17.0
andorra,2011,1.0,0.0,0.0,18.0
andorra,2012,1.0,0.0,0.0,19.0
andorra,2013,1.0,0.0,0.0,20.0
andorra,2014,1.0,0.0,0.0,21.0
andorra,2015,1.0,0.0,0.0,22.0
portugal,2000,1.0,0.0,1.0,25.0
portugal,2001,1.0,0.0,1.0,26.0
portugal,2002,1.0,0.0,1.0,27.0
portugal,2003,1.0,0.0,1.0,28.0
portugal,2004,1.0,0.0,1.0,29.0
portugal,2005,1.0,0.0,1.0,30.0
portugal,2006,1.0,0.0,1.0,31.0
portugal,2007,1.0,0.0,1.0,32.0
portugal,2008,1.0,0.0,1.0,33.0
portugal,2009,1.0,0.0,1.0,34.0
portugal,2010,1.0,0.0,1.0,35.0
portugal,2011,1.0,0.0,1.0,36.0
portugal,2012,1.0,0.0,1.0,37.0
portugal,2013,1.0,0.0,1.0,38.0
portugal,2014,1.0,0.0,1.0,39.0
portugal,2015,1.0,0.0,1.0,40.0
germany,2000,1.0,0.0,,11.0
germany,2001,1.0,0.0,,12.0
germany,2002,1.0,0.0,,13.0
germany,2003,1.0,0.0,,14.0
germany,2004,1.0,0.0,,15.0
germany,2005,1.0,0.0,,16.0
germany,2006,1.0,0.0,,17.0
germany,2007,1.0,0.0,,18.0
germany,2008,1.0,0.0,,19.0
germany,2009,1.0,0.0,,20.0
germany,2010,1.0,0.0,,21.0
germany,2011,1.0,0.0,,22.0
germany,2012,1.0,0.0,,23.0
germany,2013,1.0,0.0,,24.0
germany,2014,1.0,0.0,,25.0
germany,2015,1.0,0.0,,26.0
poland,2000,1.0,0.0,1.0,12.0
poland,2001,1.0,0.0,1.0,13.0
poland,2002,1.0,0.0,1.0,14.0
poland,2003,1.0,0.0,1.0,15.0
poland,2004,1.0,0.0,1.0,16.0
poland,2005,1.0,0.0,1.0,17.0
poland,2006,1.0,0.0,1.0,18.0
poland,2007,1.0,0.0,1.0,19.0
poland,2008,1.0,0.0,1.0,20.0
poland,2009,1.0,0.0,1.0,21.0
poland,2010,1.0,0.0,1.0,22.0
poland,2011,1.0,0.0,1.0,23.0
poland,2012,1.0,0.0,1.0,24.0
poland,2013,1.0,0.0,1.0,25.0
poland,2014,1.0,0.0,1.0,26.0
poland,2015,1.0,0.0,1.0,27.0
austria,2000,1.0,0.0,1.0,55.0
austria,2001,1.0,0.0,1.0,56.0
austria,2002,1.0,0.0,1.0,57.0
austria,2003,1.0,0.0,1.0,58.0
austria,2004,1.0,0.0,1.0,59.0
austria,2005,1.0,0.0,1.0,60.0
austria,2006,1.0,0.0,1.0,61.0
austria,2007,1.0,0.0,1.0,62.0
austria,2008,1.0,0.0,1.0,63.0
austria,2009,1.0,0.0,1.0,64.0
austria,2010,1.0,0.0,1.0,65.0
austria,2011,1.0,0.0,1.0,66.0
austria,2012,1.0,0.0,1.0,67.0
austria,2013,1.0,0.0,1.0,68.0
austria,2014,1.0,0.0,1.0,69.0
austria,2015,1.0,0.0,1.0,70.0
hungary,2000,1.0,0.0,0.0,11.0
hungary,2001,1.0,0.0,0.0,12.0
hungary,2002,1.0,0.0,0.0,13.0
hungary,2003,1.0,0.0,0.0,14.0
hungary,2004,1.0,0.0,0.0,15.0
hungary,2005,1.0,0.0,0.0,16.0
hungary,2006,1.0,0.0,0.0,17.0
hungary,2007,1.0,0.0,0.0,18.0
hungary,2008,1.0,0.0,0.0,19.0
hungary,2009,1.0,0.0,0.0,20.0
hungary,2010,1.0,0.0,0.0,21.0
hungary,2011,1.0,0.0,0.0,22.0
hungary,2012,1.0,0.0,0.0,23.0
hungary,2013,1.0,0.0,0.0,24.0
hungary,2014,1.0,0.0,0.0,25.0
hungary,2015,1.0,0.0,0.0,26.0
czech republic,2000,1.0,0.0,0.0,8.0
czech republic,2001,1.0,0.0,0.0,9.0
czech republic,2002,1.0,0.0,0.0,10.0
czech republic,2003,1.0,0.0,0.0,11.0
czech republic,2004,1.0,0.0,0.0,12.0
czech republic,2005,1.0,0.0,0.0,13.0
czech republic,2006,1.0,0.0,0.0,14.0
czech republic,2007,1.0,0.0,0.0,15.0
czech republic,2008,1.0,0.0,0.0,16.0
czech republic,2009,1.0,0.0,0.0,17.0
czech republic,2010,1.0,0.0,0.0,18.0
czech republic,2011,1.0,0.0,0.0,19.0
czech republic,2012,1.0,0.0,0.0,20.0
czech republic,2013,1.0,0.0,0.0,21.0
czech republic,2014,1.0,0.0,0.0,22.0
czech republic,2015,1.0,0.0,0.0,23.0
slovakia,2000,1.0,0.0,0.0,8.0
slovakia,2001,1.0,0.0,0.0,9.0
slovakia,2002,1.0,0.0,0.0,10.0
slovakia,2003,1.0,0.0,0.0,11.0
slovakia,2004,1.0,0.0,0.0,12.0
slovakia,2005,1.0,0.0,0.0,13.0
slovakia,2006,1.0,0.0,0.0,14.0
slovakia,2007,1.0,0.0,0.0,15.0
slovakia,2008,1.0,0.0,0.0,16.0
slovakia,2009,1.0,0.0,0.0,17.0
slovakia,2010,1.0,0.0,0.0,18.0
slovakia,2011,1.0,0.0,0.0,19.0
slovakia,2012,1.0,0.0,0.0,20.0
slovakia,2013,1.0,0.0,0.0,21.0
slovakia,2014,1.0,0.0,0.0,22.0
slovakia,2015,1.0,0.0,0.0,23.0
italy,2000,1.0,0.0,1.0,55.0
italy,2001,1.0,0.0,1.0,56.0
italy,2002,1.0,0.0,1.0,57.0
italy,2003,1.0,0.0,1.0,58.0
italy,2004,1.0,0.0,1.0,59.0
italy,2005,1.0,0.0,1.0,60.0
italy,2006,1.0,0.0,1.0,61.0
italy,2007,1.0,0.0,1.0,62.0
italy,2008,1.0,0.0,1.0,63.0
italy,2009,1.0,0.0,1.0,64.0
italy,2010,1.0,0.0,1.0,65.0
italy,2011,1.0,0.0,1.0,66.0
italy,2012,1.0,0.0,1.0,67.0
italy,2013,1.0,0.0,1.0,68.0
italy,2014,1.0,0.0,1.0,69.0
italy,2015,1.0,0.0,1.0,70.0
san marino,2000,1.0,0.0,0.0,56.0
san marino,2001,1.0,0.0,0.0,57.0
san marino,2002,1.0,0.0,0.0,58.0
san marino,2003,1.0,0.0,0.0,59.0
san marino,2004,1.0,0.0,0.0,60.0
san marino,2005,1.0,0.0,0.0,61.0
san marino,2006,1.0,0.0,0.0,62.0
san marino,2007,1.0,0.0,0.0,63.0
san marino,2008,1.0,0.0,0.0,64.0
san marino,2009,1.0,0.0,0.0,65.0
san marino,2010,1.0,0.0,0.0,66.0
san marino,2011,1.0,0.0,0.0,67.0
san marino,2012,1.0,0.0,0.0,68.0
san marino,2013,1.0,0.0,0.0,69.0
san marino,2014,1.0,0.0,0.0,70.0
san marino,2015,1.0,0.0,0.0,71.0
malta,2000,1.0,0.0,0.0,37.0
malta,2001,1.0,0.0,0.0,38.0
malta,2002,1.0,0.0,0.0,39.0
malta,2003,1.0,0.0,0.0,40.0
malta,2004,1.0,0.0,0.0,41.0
malta,2005,1.0,0.0,0.0,42.0
malta,2006,1.0,0.0,0.0,43.0
malta,2007,1.0,0.0,0.0,44.0
malta,2008,1.0,0.0,0.0,45.0
malta,2009,1.0,0.0,0.0,46.0
malta,2010,1.0,0.0,0.0,47.0
malta,2011,1.0,0.0,0.0,48.0
malta,2012,1.0,0.0,0.0,49.0
malta,2013,1.0,0.0,0.0,50.0
malta,2014,1.0,0.0,0.0,51.0
malta,2015,1.0,0.0,0.0,52.0
albania,2000,1.0,0.0,1.0,4.0
albania,2001,1.0,0.0,1.0,5.0
albania,2002,1.0,0.0,1.0,6.0
albania,2003,1.0,0.0,1.0,7.0
albania,2004,1.0,0.0,1.0,8.0
albania,2005,1.0,0.0,1.0,9.0
albania,2006,1.0,0.0,1.0,10.0
albania,2007,1.0,0.0,1.0,11.0
albania,2008,1.0,0.0,1.0,12.0
albania,2009,1.0,0.0,1.0,13.0
albania,2010,1.0,0.0,1.0,14.0
albania,2011,1.0,0.0,1.0,15.0
albania,2012,1.0,0.0,1.0,16.0
albania,2013,1.0,0.0,1.0,17.0
albania,2014,1.0,0.0,1.0,18.0
albania,2015,1.0,0.0,1.0,19.0
kosovo,2010,,,,
kosovo,2011,,,,
kosovo,2012,1.0,0.0,0.0,1.0
kosovo,2013,1.0,0.0,0.0,2.0
kosovo,2014,1.0,0.0,0.0,3.0
kosovo,2015,1.0,0.0,0.0,4.0
serbia,2006,1.0,0.0,,1.0
serbia,2007,1.0,0.0,,2.0
serbia,2008,1.0,0.0,,3.0
serbia,2009,1.0,0.0,,4.0
serbia,2010,1.0,0.0,,5.0
serbia,2011,1.0,0.0,,6.0
serbia,2012,1.0,0.0,,7.0
serbia,2013,1.0,0.0,,8.0
serbia,2014,1.0,0.0,,9.0
serbia,2015,1.0,0.0,,10.0
macedonia,2000,1.0,0.0,0.0,10.0
macedonia,2001,1.0,0.0,0.0,11.0
macedonia,2002,1.0,0.0,0.0,12.0
macedonia,2003,1.0,0.0,0.0,13.0
macedonia,2004,1.0,0.0,0.0,14.0
macedonia,2005,1.0,0.0,0.0,15.0
macedonia,2006,1.0,0.0,0.0,16.0
macedonia,2007,1.0,0.0,0.0,17.0
macedonia,2008,1.0,0.0,0.0,18.0
macedonia,2009,1.0,0.0,0.0,19.0
macedonia,2010,1.0,0.0,0.0,20.0
macedonia,2011,1.0,0.0,0.0,21.0
macedonia,2012,1.0,0.0,0.0,22.0
macedonia,2013,1.0,0.0,0.0,23.0
macedonia,2014,1.0,0.0,0.0,24.0
macedonia,2015,1.0,0.0,0.0,25.0
croatia,2000,1.0,1.0,,1.0
croatia,2001,1.0,0.0,,2.0
croatia,2002,1.0,0.0,,3.0
croatia,2003,1.0,0.0,,4.0
croatia,2004,1.0,0.0,,5.0
croatia,2005,1.0,0.0,,6.0
croatia,2006,1.0,0.0,,7.0
croatia,2007,1.0,0.0,,8.0
croatia,2008,1.0,0.0,,9.0
croatia,2009,1.0,0.0,,10.0
croatia,2010,1.0,0.0,,11.0
croatia,2011,1.0,0.0,,12.0
croatia,2012,1.0,0.0,,13.0
croatia,2013,1.0,0.0,,14.0
croatia,2014,1.0,0.0,,15.0
croatia,2015,1.0,0.0,,16.0
bosnia,2000,1.0,0.0,0.0,9.0
bosnia,2001,1.0,0.0,0.0,10.0
bosnia,2002,1.0,0.0,0.0,11.0
bosnia,2003,1.0,0.0,0.0,12.0
bosnia,2004,1.0,0.0,0.0,13.0
bosnia,2005,1.0,0.0,0.0,14.0
bosnia,2006,1.0,0.0,0.0,15.0
bosnia,2007,1.0,0.0,0.0,16.0
bosnia,2008,1.0,0.0,0.0,17.0
bosnia,2009,1.0,0.0,0.0,18.0
bosnia,2010,1.0,0.0,0.0,19.0
bosnia,2011,1.0,0.0,0.0,20.0
bosnia,2012,1.0,0.0,0.0,21.0
bosnia,2013,1.0,0.0,0.0,22.0
bosnia,2014,1.0,0.0,0.0,23.0
bosnia,2015,1.0,0.0,0.0,24.0
"yugoslavia, fed. rep.",2000,1.0,1.0,0.0,1.0
"yugoslavia, fed. rep.",2001,1.0,0.0,0.0,2.0
"yugoslavia, fed. rep.",2002,1.0,0.0,0.0,3.0
"yugoslavia, fed. rep.",2003,1.0,0.0,0.0,4.0
"yugoslavia, fed. rep.",2004,1.0,0.0,0.0,5.0
"yugoslavia, fed. rep.",2005,1.0,0.0,0.0,6.0
"yugoslavia, fed. rep.",2006,1.0,0.0,0.0,7.0
montenegro,2006,1.0,0.0,0.0,1.0
montenegro,2007,1.0,0.0,0.0,2.0
montenegro,2008,1.0,0.0,0.0,3.0
montenegro,2009,1.0,0.0,0.0,4.0
montenegro,2010,1.0,0.0,0.0,5.0
montenegro,2011,1.0,0.0,0.0,6.0
montenegro,2012,1.0,0.0,0.0,7.0
montenegro,2013,1.0,0.0,0.0,8.0
montenegro,2014,1.0,0.0,0.0,9.0
montenegro,2015,1.0,0.0,0.0,10.0
slovenia,2000,1.0,0.0,0.0,10.0
slovenia,2001,1.0,0.0,0.0,11.0
slovenia,2002,1.0,0.0,0.0,12.0
slovenia,2003,1.0,0.0,0.0,13.0
slovenia,2004,1.0,0.0,0.0,14.0
slovenia,2005,1.0,0.0,0.0,15.0
slovenia,2006,1.0,0.0,0.0,16.0
slovenia,2007,1.0,0.0,0.0,17.0
slovenia,2008,1.0,0.0,0.0,18.0
slovenia,2009,1.0,0.0,0.0,19.0
slovenia,2010,1.0,0.0,0.0,20.0
slovenia,2011,1.0,0.0,0.0,21.0
slovenia,2012,1.0,0.0,0.0,22.0
slovenia,2013,1.0,0.0,0.0,23.0
slovenia,2014,1.0,0.0,0.0,24.0
slovenia,2015,1.0,0.0,0.0,25.0
greece,2000,1.0,0.0,3.0,27.0
greece,2001,1.0,0.0,3.0,28.0
greece,2002,1.0,0.0,3.0,29.0
greece,2003,1.0,0.0,3.0,30.0
greece,2004,1.0,0.0,3.0,31.0
greece,2005,1.0,0.0,3.0,32.0
greece,2006,1.0,0.0,3.0,33.0
greece,2007,1.0,0.0,3.0,34.0
greece,2008,1.0,0.0,3.0,35.0
greece,2009,1.0,0.0,3.0,36.0
greece,2010,1.0,0.0,3.0,37.0
greece,2011,1.0,0.0,3.0,38.0
greece,2012,1.0,0.0,3.0,39.0
greece,2013,1.0,0.0,3.0,40.0
greece,2014,1.0,0.0,3.0,41.0
greece,2015,1.0,0.0,3.0,42.0
cyprus,2000,1.0,0.0,0.0,24.0
cyprus,2001,1.0,0.0,0.0,25.0
cyprus,2002,1.0,0.0,0.0,26.0
cyprus,2003,1.0,0.0,0.0,27.0
cyprus,2004,1.0,0.0,0.0,28.0
cyprus,2005,1.0,0.0,0.0,29.0
cyprus,2006,1.0,0.0,0.0,30.0
cyprus,2007,1.0,0.0,0.0,31.0
cyprus,2008,1.0,0.0,0.0,32.0
cyprus,2009,1.0,0.0,0.0,33.0
cyprus,2010,1.0,0.0,0.0,34.0
cyprus,2011,1.0,0.0,0.0,35.0
cyprus,2012,1.0,0.0,0.0,36.0
cyprus,2013,1.0,0.0,0.0,37.0
cyprus,2014,1.0,0.0,0.0,38.0
cyprus,2015,1.0,0.0,0.0,39.0
bulgaria,2000,1.0,0.0,0.0,11.0
bulgaria,2001,1.0,0.0,0.0,12.0
bulgaria,2002,1.0,0.0,0.0,13.0
bulgaria,2003,1.0,0.0,0.0,14.0
bulgaria,2004,1.0,0.0,0.0,15.0
bulgaria,2005,1.0,0.0,0.0,16.0
bulgaria,2006,1.0,0.0,0.0,17.0
bulgaria,2007,1.0,0.0,0.0,18.0
bulgaria,2008,1.0,0.0,0.0,19.0
bulgaria,2009,1.0,0.0,0.0,20.0
bulgaria,2010,1.0,0.0,0.0,21.0
bulgaria,2011,1.0,0.0,0.0,22.0
bulgaria,2012,1.0,0.0,0.0,23.0
bulgaria,2013,1.0,0.0,0.0,24.0
bulgaria,2014,1.0,0.0,0.0,25.0
bulgaria,2015,1.0,0.0,0.0,26.0
moldova,2000,1.0,0.0,0.0,10.0
moldova,2001,1.0,0.0,0.0,11.0
moldova,2002,1.0,0.0,0.0,12.0
moldova,2003,1.0,0.0,0.0,13.0
moldova,2004,1.0,0.0,0.0,14.0
moldova,2005,1.0,0.0,0.0,15.0
moldova,2006,1.0,0.0,0.0,16.0
moldova,2007,1.0,0.0,0.0,17.0
moldova,2008,1.0,0.0,0.0,18.0
moldova,2009,1.0,0.0,0.0,19.0
moldova,2010,1.0,0.0,0.0,20.0
moldova,2011,1.0,0.0,0.0,21.0
moldova,2012,1.0,0.0,0.0,22.0
moldova,2013,1.0,0.0,0.0,23.0
moldova,2014,1.0,0.0,0.0,24.0
moldova,2015,1.0,0.0,0.0,25.0
romania,2000,1.0,0.0,0.0,10.0
romania,2001,1.0,0.0,0.0,11.0
romania,2002,1.0,0.0,0.0,12.0
romania,2003,1.0,0.0,0.0,13.0
romania,2004,1.0,0.0,0.0,14.0
romania,2005,1.0,0.0,0.0,15.0
romania,2006,1.0,0.0,0.0,16.0
romania,2007,1.0,0.0,0.0,17.0
romania,2008,1.0,0.0,0.0,18.0
romania,2009,1.0,0.0,0.0,19.0
romania,2010,1.0,0.0,0.0,20.0
romania,2011,1.0,0.0,0.0,21.0
romania,2012,1.0,0.0,0.0,22.0
romania,2013,1.0,0.0,0.0,23.0
romania,2014,1.0,0.0,0.0,24.0
romania,2015,1.0,0.0,0.0,25.0
russia,2000,0.0,0.0,1.0,2.0
russia,2001,0.0,0.0,1.0,3.0
russia,2002,0.0,0.0,1.0,4.0
russia,2003,0.0,0.0,1.0,5.0
russia,2004,0.0,0.0,1.0,6.0
russia,2005,0.0,0.0,1.0,7.0
russia,2006,0.0,0.0,1.0,8.0
russia,2007,0.0,0.0,1.0,9.0
russia,2008,0.0,0.0,1.0,10.0
russia,2009,0.0,0.0,1.0,11.0
russia,2010,0.0,0.0,1.0,12.0
russia,2011,0.0,0.0,1.0,13.0
russia,2012,0.0,0.0,1.0,14.0
russia,2013,0.0,0.0,1.0,15.0
russia,2014,0.0,0.0,1.0,16.0
russia,2015,0.0,0.0,1.0,17.0
estonia,2000,1.0,0.0,1.0,10.0
estonia,2001,1.0,0.0,1.0,11.0
estonia,2002,1.0,0.0,1.0,12.0
estonia,2003,1.0,0.0,1.0,13.0
estonia,2004,1.0,0.0,1.0,14.0
estonia,2005,1.0,0.0,1.0,15.0
estonia,2006,1.0,0.0,1.0,16.0
estonia,2007,1.0,0.0,1.0,17.0
estonia,2008,1.0,0.0,1.0,18.0
estonia,2009,1.0,0.0,1.0,19.0
estonia,2010,1.0,0.0,1.0,20.0
estonia,2011,1.0,0.0,1.0,21.0
estonia,2012,1.0,0.0,1.0,22.0
estonia,2013,1.0,0.0,1.0,23.0
estonia,2014,1.0,0.0,1.0,24.0
estonia,2015,1.0,0.0,1.0,25.0
latvia,2000,1.0,0.0,1.0,8.0
latvia,2001,1.0,0.0,1.0,9.0
latvia,2002,1.0,0.0,1.0,10.0
latvia,2003,1.0,0.0,1.0,11.0
latvia,2004,1.0,0.0,1.0,12.0
latvia,2005,1.0,0.0,1.0,13.0
latvia,2006,1.0,0.0,1.0,14.0
latvia,2007,1.0,0.0,1.0,15.0
latvia,2008,1.0,0.0,1.0,16.0
latvia,2009,1.0,0.0,1.0,17.0
latvia,2010,1.0,0.0,1.0,18.0
latvia,2011,1.0,0.0,1.0,19.0
latvia,2012,1.0,0.0,1.0,20.0
latvia,2013,1.0,0.0,1.0,21.0
latvia,2014,1.0,0.0,1.0,22.0
latvia,2015,1.0,0.0,1.0,23.0
lithuania,2000,1.0,0.0,1.0,9.0
lithuania,2001,1.0,0.0,1.0,10.0
lithuania,2002,1.0,0.0,1.0,11.0
lithuania,2003,1.0,0.0,1.0,12.0
lithuania,2004,1.0,0.0,1.0,13.0
lithuania,2005,1.0,0.0,1.0,14.0
lithuania,2006,1.0,0.0,1.0,15.0
lithuania,2007,1.0,0.0,1.0,16.0
lithuania,2008,1.0,0.0,1.0,17.0
lithuania,2009,1.0,0.0,1.0,18.0
lithuania,2010,1.0,0.0,1.0,19.0
lithuania,2011,1.0,0.0,1.0,20.0
lithuania,2012,1.0,0.0,1.0,21.0
lithuania,2013,1.0,0.0,1.0,22.0
lithuania,2014,1.0,0.0,1.0,23.0
lithuania,2015,1.0,0.0,1.0,24.0
ukraine,2000,1.0,0.0,0.0,10.0
ukraine,2001,1.0,0.0,0.0,11.0
ukraine,2002,1.0,0.0,0.0,12.0
ukraine,2003,1.0,0.0,0.0,13.0
ukraine,2004,1.0,0.0,0.0,14.0
ukraine,2005,1.0,0.0,0.0,15.0
ukraine,2006,1.0,0.0,0.0,16.0
ukraine,2007,1.0,0.0,0.0,17.0
ukraine,2008,1.0,0.0,0.0,18.0
ukraine,2009,1.0,0.0,0.0,19.0
ukraine,2010,1.0,0.0,0.0,20.0
ukraine,2011,1.0,0.0,0.0,21.0
ukraine,2012,1.0,0.0,0.0,22.0
ukraine,2013,1.0,0.0,0.0,23.0
ukraine,2014,1.0,0.0,0.0,24.0
ukraine,2015,1.0,0.0,0.0,25.0
belarus,2000,0.0,0.0,1.0,7.0
belarus,2001,0.0,0.0,1.0,8.0
belarus,2002,0.0,0.0,1.0,9.0
belarus,2003,0.0,0.0,1.0,10.0
belarus,2004,0.0,0.0,1.0,11.0
belarus,2005,0.0,0.0,1.0,12.0
belarus,2006,0.0,0.0,1.0,13.0
belarus,2007,0.0,0.0,1.0,14.0
belarus,2008,0.0,0.0,1.0,15.0
belarus,2009,0.0,0.0,1.0,16.0
belarus,2010,0.0,0.0,1.0,17.0
belarus,2011,0.0,0.0,1.0,18.0
belarus,2012,0.0,0.0,1.0,19.0
belarus,2013,0.0,0.0,1.0,20.0
belarus,2014,0.0,0.0,1.0,21.0
belarus,2015,0.0,0.0,1.0,22.0
armenia,2000,0.0,0.0,0.0,10.0
armenia,2001,0.0,0.0,0.0,11.0
armenia,2002,0.0,0.0,0.0,12.0
armenia,2003,0.0,0.0,0.0,13.0
armenia,2004,0.0,0.0,0.0,14.0
armenia,2005,0.0,0.0,0.0,15.0
armenia,2006,0.0,0.0,0.0,16.0
armenia,2007,0.0,0.0,0.0,17.0
armenia,2008,0.0,0.0,0.0,18.0
armenia,2009,0.0,0.0,0.0,19.0
armenia,2010,0.0,0.0,0.0,20.0
armenia,2011,0.0,0.0,0.0,21.0
armenia,2012,0.0,0.0,0.0,22.0
armenia,2013,0.0,0.0,0.0,23.0
armenia,2014,0.0,0.0,0.0,24.0
armenia,2015,0.0,0.0,0.0,25.0
georgia,2000,0.0,0.0,0.0,10.0
georgia,2001,0.0,0.0,0.0,11.0
georgia,2002,0.0,0.0,0.0,12.0
georgia,2003,0.0,0.0,0.0,13.0
georgia,2004,1.0,1.0,0.0,1.0
georgia,2005,1.0,0.0,0.0,2.0
georgia,2006,1.0,0.0,0.0,3.0
georgia,2007,1.0,0.0,0.0,4.0
georgia,2008,1.0,0.0,0.0,5.0
georgia,2009,1.0,0.0,0.0,6.0
georgia,2010,1.0,0.0,0.0,7.0
georgia,2011,1.0,0.0,0.0,8.0
georgia,2012,1.0,0.0,0.0,9.0
georgia,2013,1.0,0.0,0.0,10.0
georgia,2014,1.0,0.0,0.0,11.0
georgia,2015,1.0,0.0,0.0,12.0
azerbaijan,2000,0.0,0.0,0.0,10.0
azerbaijan,2001,0.0,0.0,0.0,11.0
azerbaijan,2002,0.0,0.0,0.0,12.0
azerbaijan,2003,0.0,0.0,0.0,13.0
azerbaijan,2004,0.0,0.0,0.0,14.0
azerbaijan,2005,0.0,0.0,0.0,15.0
azerbaijan,2006,0.0,0.0,0.0,16.0
azerbaijan,2007,0.0,0.0,0.0,17.0
azerbaijan,2008,0.0,0.0,0.0,18.0
azerbaijan,2009,0.0,0.0,0.0,19.0
azerbaijan,2010,0.0,0.0,0.0,20.0
azerbaijan,2011,0.0,0.0,0.0,21.0
azerbaijan,2012,0.0,0.0,0.0,22.0
azerbaijan,2013,0.0,0.0,0.0,23.0
azerbaijan,2014,0.0,0.0,0.0,24.0
azerbaijan,2015,0.0,0.0,0.0,25.0
finland,2000,1.0,0.0,0.0,84.0
finland,2001,1.0,0.0,0.0,85.0
finland,2002,1.0,0.0,0.0,86.0
finland,2003,1.0,0.0,0.0,87.0
finland,2004,1.0,0.0,0.0,88.0
finland,2005,1.0,0.0,0.0,89.0
finland,2006,1.0,0.0,0.0,90.0
finland,2007,1.0,0.0,0.0,91.0
finland,2008,1.0,0.0,0.0,92.0
finland,2009,1.0,0.0,0.0,93.0
finland,2010,1.0,0.0,0.0,94.0
finland,2011,1.0,0.0,0.0,95.0
finland,2012,1.0,0.0,0.0,96.0
finland,2013,1.0,0.0,0.0,97.0
finland,2014,1.0,0.0,0.0,98.0
finland,2015,1.0,0.0,0.0,99.0
sweden,2000,1.0,0.0,0.0,90.0
sweden,2001,1.0,0.0,0.0,91.0
sweden,2002,1.0,0.0,0.0,92.0
sweden,2003,1.0,0.0,0.0,93.0
sweden,2004,1.0,0.0,0.0,94.0
sweden,2005,1.0,0.0,0.0,95.0
sweden,2006,1.0,0.0,0.0,96.0
sweden,2007,1.0,0.0,0.0,97.0
sweden,2008,1.0,0.0,0.0,98.0
sweden,2009,1.0,0.0,0.0,99.0
sweden,2010,1.0,0.0,0.0,100.0
sweden,2011,1.0,0.0,0.0,101.0
sweden,2012,1.0,0.0,0.0,102.0
sweden,2013,1.0,0.0,0.0,103.0
sweden,2014,1.0,0.0,0.0,104.0
sweden,2015,1.0,0.0,0.0,105.0
norway,2000,1.0,0.0,0.0,101.0
norway,2001,1.0,0.0,0.0,102.0
norway,2002,1.0,0.0,0.0,103.0
norway,2003,1.0,0.0,0.0,104.0
norway,2004,1.0,0.0,0.0,105.0
norway,2005,1.0,0.0,0.0,106.0
norway,2006,1.0,0.0,0.0,107.0
norway,2007,1.0,0.0,0.0,108.0
norway,2008,1.0,0.0,0.0,109.0
norway,2009,1.0,0.0,0.0,110.0
norway,2010,1.0,0.0,0.0,111.0
norway,2011,1.0,0.0,0.0,112.0
norway,2012,1.0,0.0,0.0,113.0
norway,2013,1.0,0.0,0.0,114.0
norway,2014,1.0,0.0,0.0,115.0
norway,2015,1.0,0.0,0.0,116.0
denmark,2000,1.0,0.0,0.0,100.0
denmark,2001,1.0,0.0,0.0,101.0
denmark,2002,1.0,0.0,0.0,102.0
denmark,2003,1.0,0.0,0.0,103.0
denmark,2004,1.0,0.0,0.0,104.0
denmark,2005,1.0,0.0,0.0,105.0
denmark,2006,1.0,0.0,0.0,106.0
denmark,2007,1.0,0.0,0.0,107.0
denmark,2008,1.0,0.0,0.0,108.0
denmark,2009,1.0,0.0,0.0,109.0
denmark,2010,1.0,0.0,0.0,110.0
denmark,2011,1.0,0.0,0.0,111.0
denmark,2012,1.0,0.0,0.0,112.0
denmark,2013,1.0,0.0,0.0,113.0
denmark,2014,1.0,0.0,0.0,114.0
denmark,2015,1.0,0.0,0.0,115.0
iceland,2000,1.0,0.0,0.0,83.0
iceland,2001,1.0,0.0,0.0,84.0
iceland,2002,1.0,0.0,0.0,85.0
iceland,2003,1.0,0.0,0.0,86.0
iceland,2004,1.0,0.0,0.0,87.0
iceland,2005,1.0,0.0,0.0,88.0
iceland,2006,1.0,0.0,0.0,89.0
iceland,2007,1.0,0.0,0.0,90.0
iceland,2008,1.0,0.0,0.0,91.0
iceland,2009,1.0,0.0,0.0,92.0
iceland,2010,1.0,0.0,0.0,93.0
iceland,2011,1.0,0.0,0.0,94.0
iceland,2012,1.0,0.0,0.0,95.0
iceland,2013,1.0,0.0,0.0,96.0
iceland,2014,1.0,0.0,0.0,97.0
iceland,2015,1.0,0.0,0.0,98.0
cape verde,2000,1.0,0.0,0.0,10.0
cape verde,2001,1.0,0.0,0.0,11.0
cape verde,2002,1.0,0.0,0.0,12.0
cape verde,2003,1.0,0.0,0.0,13.0
cape verde,2004,1.0,0.0,0.0,14.0
cape verde,2005,1.0,0.0,0.0,15.0
cape verde,2006,1.0,0.0,0.0,16.0
cape verde,2007,1.0,0.0,0.0,17.0
cape verde,2008,1.0,0.0,0.0,18.0
cape verde,2009,1.0,0.0,0.0,19.0
cape verde,2010,1.0,0.0,0.0,20.0
cape verde,2011,1.0,0.0,0.0,21.0
cape verde,2012,1.0,0.0,0.0,22.0
cape verde,2013,1.0,0.0,0.0,23.0
cape verde,2014,1.0,0.0,0.0,24.0
cape verde,2015,1.0,0.0,0.0,25.0
sao tome & principe,2000,1.0,0.0,0.0,10.0
sao tome & principe,2001,1.0,0.0,0.0,11.0
sao tome & principe,2002,1.0,0.0,0.0,12.0
sao tome & principe,2003,1.0,0.0,0.0,13.0
sao tome & principe,2004,1.0,0.0,0.0,14.0
sao tome & principe,2005,1.0,0.0,0.0,15.0
sao tome & principe,2006,1.0,0.0,0.0,16.0
sao tome & principe,2007,1.0,0.0,0.0,17.0
sao tome & principe,2008,1.0,0.0,0.0,18.0
sao tome & principe,2009,1.0,0.0,0.0,19.0
sao tome & principe,2010,1.0,0.0,0.0,20.0
sao tome & principe,2011,1.0,0.0,0.0,21.0
sao tome & principe,2012,1.0,0.0,0.0,22.0
sao tome & principe,2013,1.0,0.0,0.0,23.0
sao tome & principe,2014,1.0,0.0,0.0,24.0
sao tome & principe,2015,1.0,0.0,0.0,25.0
guinea-bissau,2000,0.0,0.0,1.0,3.0
guinea-bissau,2001,0.0,0.0,1.0,4.0
guinea-bissau,2002,0.0,0.0,1.0,5.0
guinea-bissau,2003,0.0,0.0,1.0,6.0
guinea-bissau,2004,0.0,0.0,1.0,7.0
guinea-bissau,2005,0.0,0.0,1.0,8.0
guinea-bissau,2006,0.0,0.0,1.0,9.0
guinea-bissau,2007,0.0,0.0,1.0,10.0
guinea-bissau,2008,0.0,0.0,1.0,11.0
guinea-bissau,2009,0.0,0.0,1.0,12.0
guinea-bissau,2010,0.0,0.0,1.0,13.0
guinea-bissau,2011,0.0,0.0,1.0,14.0
guinea-bissau,2012,0.0,0.0,1.0,15.0
guinea-bissau,2013,0.0,0.0,1.0,16.0
guinea-bissau,2014,0.0,0.0,1.0,17.0
guinea-bissau,2015,0.0,0.0,1.0,18.0
equatorial guinea,2000,0.0,0.0,0.0,33.0
equatorial guinea,2001,0.0,0.0,0.0,34.0
equatorial guinea,2002,0.0,0.0,0.0,35.0
equatorial guinea,2003,0.0,0.0,0.0,36.0
equatorial guinea,2004,0.0,0.0,0.0,37.0
equatorial guinea,2005,0.0,0.0,0.0,38.0
equatorial guinea,2006,0.0,0.0,0.0,39.0
equatorial guinea,2007,0.0,0.0,0.0,40.0
equatorial guinea,2008,0.0,0.0,0.0,41.0
equatorial guinea,2009,0.0,0.0,0.0,42.0
equatorial guinea,2010,0.0,0.0,0.0,43.0
equatorial guinea,2011,0.0,0.0,0.0,44.0
equatorial guinea,2012,0.0,0.0,0.0,45.0
equatorial guinea,2013,0.0,0.0,0.0,46.0
equatorial guinea,2014,0.0,0.0,0.0,47.0
equatorial guinea,2015,0.0,0.0,0.0,48.0
gambia,2000,0.0,0.0,1.0,7.0
gambia,2001,0.0,0.0,1.0,8.0
gambia,2002,0.0,0.0,1.0,9.0
gambia,2003,0.0,0.0,1.0,10.0
gambia,2004,0.0,0.0,1.0,11.0
gambia,2005,0.0,0.0,1.0,12.0
gambia,2006,0.0,0.0,1.0,13.0
gambia,2007,0.0,0.0,1.0,14.0
gambia,2008,0.0,0.0,1.0,15.0
gambia,2009,0.0,0.0,1.0,16.0
gambia,2010,0.0,0.0,1.0,17.0
gambia,2011,0.0,0.0,1.0,18.0
gambia,2012,0.0,0.0,1.0,19.0
gambia,2013,0.0,0.0,1.0,20.0
gambia,2014,0.0,0.0,1.0,21.0
gambia,2015,0.0,0.0,1.0,22.0
mali,2000,1.0,0.0,0.0,9.0
mali,2001,1.0,0.0,0.0,10.0
mali,2002,1.0,0.0,0.0,11.0
mali,2003,1.0,0.0,0.0,12.0
mali,2004,1.0,0.0,0.0,13.0
mali,2005,1.0,0.0,0.0,14.0
mali,2006,1.0,0.0,0.0,15.0
mali,2007,1.0,0.0,0.0,16.0
mali,2008,1.0,0.0,0.0,17.0
mali,2009,1.0,0.0,0.0,18.0
mali,2010,1.0,0.0,0.0,19.0
mali,2011,1.0,0.0,0.0,20.0
mali,2012,0.0,0.0,0.0,21.0
mali,2013,0.0,0.0,0.0,22.0
mali,2014,0.0,0.0,0.0,23.0
mali,2015,0.0,0.0,0.0,24.0
senegal,2000,1.0,1.0,0.0,1.0
senegal,2001,1.0,0.0,0.0,2.0
senegal,2002,1.0,0.0,0.0,3.0
senegal,2003,1.0,0.0,0.0,4.0
senegal,2004,1.0,0.0,0.0,5.0
senegal,2005,1.0,0.0,0.0,6.0
senegal,2006,1.0,0.0,0.0,7.0
senegal,2007,1.0,0.0,0.0,8.0
senegal,2008,1.0,0.0,0.0,9.0
senegal,2009,1.0,0.0,0.0,10.0
senegal,2010,1.0,0.0,0.0,11.0
senegal,2011,1.0,0.0,0.0,12.0
senegal,2012,1.0,0.0,0.0,13.0
senegal,2013,1.0,0.0,0.0,14.0
senegal,2014,1.0,0.0,0.0,15.0
senegal,2015,1.0,0.0,0.0,16.0
benin,2000,1.0,0.0,0.0,10.0
benin,2001,1.0,0.0,0.0,11.0
benin,2002,1.0,0.0,0.0,12.0
benin,2003,1.0,0.0,0.0,13.0
benin,2004,1.0,0.0,0.0,14.0
benin,2005,1.0,0.0,0.0,15.0
benin,2006,1.0,0.0,0.0,16.0
benin,2007,1.0,0.0,0.0,17.0
benin,2008,1.0,0.0,0.0,18.0
benin,2009,1.0,0.0,0.0,19.0
benin,2010,1.0,0.0,0.0,20.0
benin,2011,1.0,0.0,0.0,21.0
benin,2012,1.0,0.0,0.0,22.0
benin,2013,1.0,0.0,0.0,23.0
benin,2014,1.0,0.0,0.0,24.0
benin,2015,1.0,0.0,0.0,25.0
mauritania,2000,0.0,0.0,0.0,41.0
mauritania,2001,0.0,0.0,0.0,42.0
mauritania,2002,0.0,0.0,0.0,43.0
mauritania,2003,0.0,0.0,0.0,44.0
mauritania,2004,0.0,0.0,0.0,45.0
mauritania,2005,0.0,0.0,0.0,46.0
mauritania,2006,0.0,0.0,0.0,47.0
mauritania,2007,0.0,0.0,0.0,48.0
mauritania,2008,0.0,0.0,0.0,49.0
mauritania,2009,0.0,0.0,0.0,50.0
mauritania,2010,0.0,0.0,0.0,51.0
mauritania,2011,0.0,0.0,0.0,52.0
mauritania,2012,0.0,0.0,0.0,53.0
mauritania,2013,0.0,0.0,0.0,54.0
mauritania,2014,0.0,0.0,0.0,55.0
mauritania,2015,0.0,0.0,0.0,56.0
niger,2000,1.0,0.0,1.0,2.0
niger,2001,1.0,0.0,1.0,3.0
niger,2002,1.0,0.0,1.0,4.0
niger,2003,1.0,0.0,1.0,5.0
niger,2004,1.0,0.0,1.0,6.0
niger,2005,1.0,0.0,1.0,7.0
niger,2006,1.0,0.0,1.0,8.0
niger,2007,1.0,0.0,1.0,9.0
niger,2008,1.0,0.0,1.0,10.0
niger,2009,0.0,-1.0,2.0,1.0
niger,2010,0.0,0.0,2.0,2.0
niger,2011,1.0,0.0,2.0,3.0
niger,2012,1.0,0.0,2.0,4.0
niger,2013,1.0,0.0,2.0,5.0
niger,2014,1.0,0.0,2.0,6.0
niger,2015,1.0,0.0,2.0,7.0
cote d'ivoire,2000,0.0,0.0,0.0,41.0
cote d'ivoire,2001,0.0,0.0,0.0,42.0
cote d'ivoire,2002,0.0,0.0,0.0,43.0
cote d'ivoire,2003,0.0,0.0,0.0,44.0
cote d'ivoire,2004,0.0,0.0,0.0,45.0
cote d'ivoire,2005,0.0,0.0,0.0,46.0
cote d'ivoire,2006,0.0,0.0,0.0,47.0
cote d'ivoire,2007,0.0,0.0,0.0,48.0
cote d'ivoire,2008,0.0,0.0,0.0,49.0
cote d'ivoire,2009,0.0,0.0,0.0,50.0
cote d'ivoire,2010,0.0,0.0,0.0,51.0
cote d'ivoire,2011,0.0,0.0,0.0,52.0
cote d'ivoire,2012,0.0,0.0,0.0,53.0
cote d'ivoire,2013,0.0,0.0,0.0,54.0
cote d'ivoire,2014,0.0,0.0,0.0,55.0
cote d'ivoire,2015,0.0,0.0,0.0,56.0
guinea,2000,0.0,0.0,0.0,43.0
guinea,2001,0.0,0.0,0.0,44.0
guinea,2002,0.0,0.0,0.0,45.0
guinea,2003,0.0,0.0,0.0,46.0
guinea,2004,0.0,0.0,0.0,47.0
guinea,2005,0.0,0.0,0.0,48.0
guinea,2006,0.0,0.0,0.0,49.0
guinea,2007,0.0,0.0,0.0,50.0
guinea,2008,0.0,0.0,0.0,51.0
guinea,2009,0.0,0.0,0.0,52.0
guinea,2010,0.0,0.0,0.0,53.0
guinea,2011,0.0,0.0,0.0,54.0
guinea,2012,0.0,0.0,0.0,55.0
guinea,2013,0.0,0.0,0.0,56.0
guinea,2014,0.0,0.0,0.0,57.0
guinea,2015,0.0,0.0,0.0,58.0
burkina faso,2000,0.0,0.0,0.0,41.0
burkina faso,2001,0.0,0.0,0.0,42.0
burkina faso,2002,0.0,0.0,0.0,43.0
burkina faso,2003,0.0,0.0,0.0,44.0
burkina faso,2004,0.0,0.0,0.0,45.0
burkina faso,2005,0.0,0.0,0.0,46.0
burkina faso,2006,0.0,0.0,0.0,47.0
burkina faso,2007,0.0,0.0,0.0,48.0
burkina faso,2008,0.0,0.0,0.0,49.0
burkina faso,2009,0.0,0.0,0.0,50.0
burkina faso,2010,0.0,0.0,0.0,51.0
burkina faso,2011,0.0,0.0,0.0,52.0
burkina faso,2012,0.0,0.0,0.0,53.0
burkina faso,2013,0.0,0.0,0.0,54.0
burkina faso,2014,0.0,0.0,0.0,55.0
burkina faso,2015,0.0,0.0,0.0,56.0
liberia,2000,0.0,0.0,0.0,154.0
liberia,2001,0.0,0.0,0.0,155.0
liberia,2002,0.0,0.0,0.0,156.0
liberia,2003,0.0,0.0,0.0,157.0
liberia,2004,0.0,0.0,0.0,158.0
liberia,2005,0.0,0.0,0.0,159.0
liberia,2006,1.0,1.0,0.0,1.0
liberia,2007,1.0,0.0,0.0,2.0
liberia,2008,1.0,0.0,0.0,3.0
liberia,2009,1.0,0.0,0.0,4.0
liberia,2010,1.0,0.0,0.0,5.0
liberia,2011,1.0,0.0,0.0,6.0
liberia,2012,1.0,0.0,0.0,7.0
liberia,2013,1.0,0.0,0.0,8.0
liberia,2014,1.0,0.0,0.0,9.0
liberia,2015,1.0,0.0,0.0,10.0
sierra leone,2000,0.0,0.0,1.0,34.0
sierra leone,2001,0.0,0.0,1.0,35.0
sierra leone,2002,1.0,1.0,1.0,1.0
sierra leone,2003,1.0,0.0,1.0,2.0
sierra leone,2004,1.0,0.0,1.0,3.0
sierra leone,2005,1.0,0.0,1.0,4.0
sierra leone,2006,1.0,0.0,1.0,5.0
sierra leone,2007,1.0,0.0,1.0,6.0
sierra leone,2008,1.0,0.0,1.0,7.0
sierra leone,2009,1.0,0.0,1.0,8.0
sierra leone,2010,1.0,0.0,1.0,9.0
sierra leone,2011,1.0,0.0,1.0,10.0
sierra leone,2012,1.0,0.0,1.0,11.0
sierra leone,2013,1.0,0.0,1.0,12.0
sierra leone,2014,1.0,0.0,1.0,13.0
sierra leone,2015,1.0,0.0,1.0,14.0
ghana,2000,1.0,0.0,2.0,4.0
ghana,2001,1.0,0.0,2.0,5.0
ghana,2002,1.0,0.0,2.0,6.0
ghana,2003,1.0,0.0,2.0,7.0
ghana,2004,1.0,0.0,2.0,8.0
ghana,2005,1.0,0.0,2.0,9.0
ghana,2006,1.0,0.0,2.0,10.0
ghana,2007,1.0,0.0,2.0,11.0
ghana,2008,1.0,0.0,2.0,12.0
ghana,2009,1.0,0.0,2.0,13.0
ghana,2010,1.0,0.0,2.0,14.0
ghana,2011,1.0,0.0,2.0,15.0
ghana,2012,1.0,0.0,2.0,16.0
ghana,2013,1.0,0.0,2.0,17.0
ghana,2014,1.0,0.0,2.0,18.0
ghana,2015,1.0,0.0,2.0,19.0
togo,2000,0.0,0.0,0.0,41.0
togo,2001,0.0,0.0,0.0,42.0
togo,2002,0.0,0.0,0.0,43.0
togo,2003,0.0,0.0,0.0,44.0
togo,2004,0.0,0.0,0.0,45.0
togo,2005,0.0,0.0,0.0,46.0
togo,2006,0.0,0.0,0.0,47.0
togo,2007,0.0,0.0,0.0,48.0
togo,2008,0.0,0.0,0.0,49.0
togo,2009,0.0,0.0,0.0,50.0
togo,2010,0.0,0.0,0.0,51.0
togo,2011,0.0,0.0,0.0,52.0
togo,2012,0.0,0.0,0.0,53.0
togo,2013,0.0,0.0,0.0,54.0
togo,2014,0.0,0.0,0.0,55.0
togo,2015,0.0,0.0,0.0,56.0
cameroon,2000,0.0,0.0,0.0,41.0
cameroon,2001,0.0,0.0,0.0,42.0
cameroon,2002,0.0,0.0,0.0,43.0
cameroon,2003,0.0,0.0,0.0,44.0
cameroon,2004,0.0,0.0,0.0,45.0
cameroon,2005,0.0,0.0,0.0,46.0
cameroon,2006,0.0,0.0,0.0,47.0
cameroon,2007,0.0,0.0,0.0,48.0
cameroon,2008,0.0,0.0,0.0,49.0
cameroon,2009,0.0,0.0,0.0,50.0
cameroon,2010,0.0,0.0,0.0,51.0
cameroon,2011,0.0,0.0,0.0,52.0
cameroon,2012,0.0,0.0,0.0,53.0
cameroon,2013,0.0,0.0,0.0,54.0
cameroon,2014,0.0,0.0,0.0,55.0
cameroon,2015,0.0,0.0,0.0,56.0
nigeria,2000,0.0,0.0,2.0,18.0
nigeria,2001,0.0,0.0,2.0,19.0
nigeria,2002,0.0,0.0,2.0,20.0
nigeria,2003,0.0,0.0,2.0,21.0
nigeria,2004,0.0,0.0,2.0,22.0
nigeria,2005,0.0,0.0,2.0,23.0
nigeria,2006,0.0,0.0,2.0,24.0
nigeria,2007,0.0,0.0,2.0,25.0
nigeria,2008,0.0,0.0,2.0,26.0
nigeria,2009,0.0,0.0,2.0,27.0
nigeria,2010,0.0,0.0,2.0,28.0
nigeria,2011,0.0,0.0,2.0,29.0
nigeria,2012,0.0,0.0,2.0,30.0
nigeria,2013,0.0,0.0,2.0,31.0
nigeria,2014,0.0,0.0,2.0,32.0
nigeria,2015,1.0,0.0,2.0,33.0
gabon,2000,0.0,0.0,0.0,41.0
gabon,2001,0.0,0.0,0.0,42.0
gabon,2002,0.0,0.0,0.0,43.0
gabon,2003,0.0,0.0,0.0,44.0
gabon,2004,0.0,0.0,0.0,45.0
gabon,2005,0.0,0.0,0.0,46.0
gabon,2006,0.0,0.0,0.0,47.0
gabon,2007,0.0,0.0,0.0,48.0
gabon,2008,0.0,0.0,0.0,49.0
gabon,2009,0.0,0.0,0.0,50.0
gabon,2010,0.0,0.0,0.0,51.0
gabon,2011,0.0,0.0,0.0,52.0
gabon,2012,0.0,0.0,0.0,53.0
gabon,2013,0.0,0.0,0.0,54.0
gabon,2014,0.0,0.0,0.0,55.0
gabon,2015,0.0,0.0,0.0,56.0
central african rep.,2000,1.0,0.0,0.0,8.0
central african rep.,2001,1.0,0.0,0.0,9.0
central african rep.,2002,1.0,0.0,0.0,10.0
central african rep.,2003,0.0,-1.0,1.0,1.0
central african rep.,2004,0.0,0.0,1.0,2.0
central african rep.,2005,0.0,0.0,1.0,3.0
central african rep.,2006,0.0,0.0,1.0,4.0
central african rep.,2007,0.0,0.0,1.0,5.0
central african rep.,2008,0.0,0.0,1.0,6.0
central african rep.,2009,0.0,0.0,1.0,7.0
central african rep.,2010,0.0,0.0,1.0,8.0
central african rep.,2011,0.0,0.0,1.0,9.0
central african rep.,2012,0.0,0.0,1.0,10.0
central african rep.,2013,0.0,0.0,1.0,11.0
central african rep.,2014,0.0,0.0,1.0,12.0
central african rep.,2015,0.0,0.0,1.0,13.0
chad,2000,0.0,0.0,0.0,41.0
chad,2001,0.0,0.0,0.0,42.0
chad,2002,0.0,0.0,0.0,43.0
chad,2003,0.0,0.0,0.0,44.0
chad,2004,0.0,0.0,0.0,45.0
chad,2005,0.0,0.0,0.0,46.0
chad,2006,0.0,0.0,0.0,47.0
chad,2007,0.0,0.0,0.0,48.0
chad,2008,0.0,0.0,0.0,49.0
chad,2009,0.0,0.0,0.0,50.0
chad,2010,0.0,0.0,0.0,51.0
chad,2011,0.0,0.0,0.0,52.0
chad,2012,0.0,0.0,0.0,53.0
chad,2013,0.0,0.0,0.0,54.0
chad,2014,0.0,0.0,0.0,55.0
chad,2015,0.0,0.0,0.0,56.0
"congo, rep.",2000,0.0,0.0,1.0,38.0
"congo, rep.",2001,0.0,0.0,1.0,39.0
"congo, rep.",2002,0.0,0.0,1.0,40.0
"congo, rep.",2003,0.0,0.0,1.0,41.0
"congo, rep.",2004,0.0,0.0,1.0,42.0
"congo, rep.",2005,0.0,0.0,1.0,43.0
"congo, rep.",2006,0.0,0.0,1.0,44.0
"congo, rep.",2007,0.0,0.0,1.0,45.0
"congo, rep.",2008,0.0,0.0,1.0,46.0
"congo, rep.",2009,0.0,0.0,1.0,47.0
"congo, rep.",2010,0.0,0.0,1.0,48.0
"congo, rep.",2011,0.0,0.0,1.0,49.0
"congo, rep.",2012,0.0,0.0,1.0,50.0
"congo, rep.",2013,0.0,0.0,1.0,51.0
"congo, rep.",2014,0.0,0.0,1.0,52.0
"congo, rep.",2015,0.0,0.0,1.0,53.0
"congo, dem. rep.",2000,0.0,0.0,0.0,41.0
"congo, dem. rep.",2001,0.0,0.0,0.0,42.0
"congo, dem. rep.",2002,0.0,0.0,0.0,43.0
"congo, dem. rep.",2003,0.0,0.0,0.0,44.0
"congo, dem. rep.",2004,0.0,0.0,0.0,45.0
"congo, dem. rep.",2005,0.0,0.0,0.0,46.0
"congo, dem. rep.",2006,0.0,0.0,0.0,47.0
"congo, dem. rep.",2007,0.0,0.0,0.0,48.0
"congo, dem. rep.",2008,0.0,0.0,0.0,49.0
"congo, dem. rep.",2009,0.0,0.0,0.0,50.0
"congo, dem. rep.",2010,0.0,0.0,0.0,51.0
"congo, dem. rep.",2011,0.0,0.0,0.0,52.0
"congo, dem. rep.",2012,0.0,0.0,0.0,53.0
"congo, dem. rep.",2013,0.0,0.0,0.0,54.0
"congo, dem. rep.",2014,0.0,0.0,0.0,55.0
"congo, dem. rep.",2015,0.0,0.0,0.0,56.0
uganda,2000,0.0,0.0,1.0,16.0
uganda,2001,0.0,0.0,1.0,17.0
uganda,2002,0.0,0.0,1.0,18.0
uganda,2003,0.0,0.0,1.0,19.0
uganda,2004,0.0,0.0,1.0,20.0
uganda,2005,0.0,0.0,1.0,21.0
uganda,2006,0.0,0.0,1.0,22.0
uganda,2007,0.0,0.0,1.0,23.0
uganda,2008,0.0,0.0,1.0,24.0
uganda,2009,0.0,0.0,1.0,25.0
uganda,2010,0.0,0.0,1.0,26.0
uganda,2011,0.0,0.0,1.0,27.0
uganda,2012,0.0,0.0,1.0,28.0
uganda,2013,0.0,0.0,1.0,29.0
uganda,2014,0.0,0.0,1.0,30.0
uganda,2015,0.0,0.0,1.0,31.0
kenya,2000,0.0,0.0,0.0,38.0
kenya,2001,0.0,0.0,0.0,39.0
kenya,2002,1.0,1.0,0.0,1.0
kenya,2003,1.0,0.0,0.0,2.0
kenya,2004,1.0,0.0,0.0,3.0
kenya,2005,1.0,0.0,0.0,4.0
kenya,2006,1.0,0.0,0.0,5.0
kenya,2007,1.0,0.0,0.0,6.0
kenya,2008,1.0,0.0,0.0,7.0
kenya,2009,1.0,0.0,0.0,8.0
kenya,2010,1.0,0.0,0.0,9.0
kenya,2011,1.0,0.0,0.0,10.0
kenya,2012,1.0,0.0,0.0,11.0
kenya,2013,1.0,0.0,0.0,12.0
kenya,2014,1.0,0.0,0.0,13.0
kenya,2015,1.0,0.0,0.0,14.0
tanzania,2000,0.0,0.0,0.0,40.0
tanzania,2001,0.0,0.0,0.0,41.0
tanzania,2002,0.0,0.0,0.0,42.0
tanzania,2003,0.0,0.0,0.0,43.0
tanzania,2004,0.0,0.0,0.0,44.0
tanzania,2005,0.0,0.0,0.0,45.0
tanzania,2006,0.0,0.0,0.0,46.0
tanzania,2007,0.0,0.0,0.0,47.0
tanzania,2008,0.0,0.0,0.0,48.0
tanzania,2009,0.0,0.0,0.0,49.0
tanzania,2010,0.0,0.0,0.0,50.0
tanzania,2011,0.0,0.0,0.0,51.0
tanzania,2012,0.0,0.0,0.0,52.0
tanzania,2013,0.0,0.0,0.0,53.0
tanzania,2014,0.0,0.0,0.0,54.0
tanzania,2015,0.0,0.0,0.0,55.0
burundi,2000,0.0,0.0,0.0,39.0
burundi,2001,0.0,0.0,0.0,40.0
burundi,2002,0.0,0.0,0.0,41.0
burundi,2003,0.0,0.0,0.0,42.0
burundi,2004,0.0,0.0,0.0,43.0
burundi,2005,1.0,1.0,0.0,1.0
burundi,2006,1.0,0.0,0.0,2.0
burundi,2007,1.0,0.0,0.0,3.0
burundi,2008,1.0,0.0,0.0,4.0
burundi,2009,1.0,0.0,0.0,5.0
burundi,2010,1.0,0.0,0.0,6.0
burundi,2011,1.0,0.0,0.0,7.0
burundi,2012,1.0,0.0,0.0,8.0
burundi,2013,1.0,0.0,0.0,9.0
burundi,2014,1.0,0.0,0.0,10.0
burundi,2015,1.0,0.0,0.0,11.0
rwanda,2000,0.0,0.0,0.0,39.0
rwanda,2001,0.0,0.0,0.0,40.0
rwanda,2002,0.0,0.0,0.0,41.0
rwanda,2003,0.0,0.0,0.0,42.0
rwanda,2004,0.0,0.0,0.0,43.0
rwanda,2005,0.0,0.0,0.0,44.0
rwanda,2006,0.0,0.0,0.0,45.0
rwanda,2007,0.0,0.0,0.0,46.0
rwanda,2008,0.0,0.0,0.0,47.0
rwanda,2009,0.0,0.0,0.0,48.0
rwanda,2010,0.0,0.0,0.0,49.0
rwanda,2011,0.0,0.0,0.0,50.0
rwanda,2012,0.0,0.0,0.0,51.0
rwanda,2013,0.0,0.0,0.0,52.0
rwanda,2014,0.0,0.0,0.0,53.0
rwanda,2015,0.0,0.0,0.0,54.0
somalia,2000,0.0,0.0,1.0,32.0
somalia,2001,0.0,0.0,1.0,33.0
somalia,2002,0.0,0.0,1.0,34.0
somalia,2003,0.0,0.0,1.0,35.0
somalia,2004,0.0,0.0,1.0,36.0
somalia,2005,0.0,0.0,1.0,37.0
somalia,2006,0.0,0.0,1.0,38.0
somalia,2007,0.0,0.0,1.0,39.0
somalia,2008,0.0,0.0,1.0,40.0
somalia,2009,0.0,0.0,1.0,41.0
somalia,2010,0.0,0.0,1.0,42.0
somalia,2011,0.0,0.0,1.0,43.0
somalia,2012,0.0,0.0,1.0,44.0
somalia,2013,0.0,0.0,1.0,45.0
somalia,2014,0.0,0.0,1.0,46.0
somalia,2015,0.0,0.0,1.0,47.0
djibouti,2000,0.0,0.0,0.0,24.0
djibouti,2001,0.0,0.0,0.0,25.0
djibouti,2002,0.0,0.0,0.0,26.0
djibouti,2003,0.0,0.0,0.0,27.0
djibouti,2004,0.0,0.0,0.0,28.0
djibouti,2005,0.0,0.0,0.0,29.0
djibouti,2006,0.0,0.0,0.0,30.0
djibouti,2007,0.0,0.0,0.0,31.0
djibouti,2008,0.0,0.0,0.0,32.0
djibouti,2009,0.0,0.0,0.0,33.0
djibouti,2010,0.0,0.0,0.0,34.0
djibouti,2011,0.0,0.0,0.0,35.0
djibouti,2012,0.0,0.0,0.0,36.0
djibouti,2013,0.0,0.0,0.0,37.0
djibouti,2014,0.0,0.0,0.0,38.0
djibouti,2015,0.0,0.0,0.0,39.0
ethiopia,2000,0.0,0.0,0.0,8.0
ethiopia,2001,0.0,0.0,0.0,9.0
ethiopia,2002,0.0,0.0,0.0,10.0
ethiopia,2003,0.0,0.0,0.0,11.0
ethiopia,2004,0.0,0.0,0.0,12.0
ethiopia,2005,0.0,0.0,0.0,13.0
ethiopia,2006,0.0,0.0,0.0,14.0
ethiopia,2007,0.0,0.0,0.0,15.0
ethiopia,2008,0.0,0.0,0.0,16.0
ethiopia,2009,0.0,0.0,0.0,17.0
ethiopia,2010,0.0,0.0,0.0,18.0
ethiopia,2011,0.0,0.0,0.0,19.0
ethiopia,2012,0.0,0.0,0.0,20.0
ethiopia,2013,0.0,0.0,0.0,21.0
ethiopia,2014,0.0,0.0,0.0,22.0
ethiopia,2015,0.0,0.0,0.0,23.0
eritrea,2000,0.0,0.0,0.0,8.0
eritrea,2001,0.0,0.0,0.0,9.0
eritrea,2002,0.0,0.0,0.0,10.0
eritrea,2003,0.0,0.0,0.0,11.0
eritrea,2004,0.0,0.0,0.0,12.0
eritrea,2005,0.0,0.0,0.0,13.0
eritrea,2006,0.0,0.0,0.0,14.0
eritrea,2007,0.0,0.0,0.0,15.0
eritrea,2008,0.0,0.0,0.0,16.0
eritrea,2009,0.0,0.0,0.0,17.0
eritrea,2010,0.0,0.0,0.0,18.0
eritrea,2011,0.0,0.0,0.0,19.0
eritrea,2012,0.0,0.0,0.0,20.0
eritrea,2013,0.0,0.0,0.0,21.0
eritrea,2014,0.0,0.0,0.0,22.0
eritrea,2015,0.0,0.0,0.0,23.0
angola,2000,0.0,0.0,0.0,26.0
angola,2001,0.0,0.0,0.0,27.0
angola,2002,0.0,0.0,0.0,28.0
angola,2003,0.0,0.0,0.0,29.0
angola,2004,0.0,0.0,0.0,30.0
angola,2005,0.0,0.0,0.0,31.0
angola,2006,0.0,0.0,0.0,32.0
angola,2007,0.0,0.0,0.0,33.0
angola,2008,0.0,0.0,0.0,34.0
angola,2009,0.0,0.0,0.0,35.0
angola,2010,0.0,0.0,0.0,36.0
angola,2011,0.0,0.0,0.0,37.0
angola,2012,0.0,0.0,0.0,38.0
angola,2013,0.0,0.0,0.0,39.0
angola,2014,0.0,0.0,0.0,40.0
angola,2015,0.0,0.0,0.0,41.0
mozambique,2000,1.0,0.0,0.0,7.0
mozambique,2001,1.0,0.0,0.0,8.0
mozambique,2002,1.0,0.0,0.0,9.0
mozambique,2003,1.0,0.0,0.0,10.0
mozambique,2004,0.0,-1.0,1.0,1.0
mozambique,2005,0.0,0.0,1.0,2.0
mozambique,2006,0.0,0.0,1.0,3.0
mozambique,2007,0.0,0.0,1.0,4.0
mozambique,2008,0.0,0.0,1.0,5.0
mozambique,2009,0.0,0.0,1.0,6.0
mozambique,2010,0.0,0.0,1.0,7.0
mozambique,2011,0.0,0.0,1.0,8.0
mozambique,2012,0.0,0.0,1.0,9.0
mozambique,2013,0.0,0.0,1.0,10.0
mozambique,2014,0.0,0.0,1.0,11.0
mozambique,2015,0.0,0.0,1.0,12.0
zambia,2000,0.0,0.0,0.0,37.0
zambia,2001,0.0,0.0,0.0,38.0
zambia,2002,0.0,0.0,0.0,39.0
zambia,2003,0.0,0.0,0.0,40.0
zambia,2004,0.0,0.0,0.0,41.0
zambia,2005,0.0,0.0,0.0,42.0
zambia,2006,0.0,0.0,0.0,43.0
zambia,2007,0.0,0.0,0.0,44.0
zambia,2008,1.0,1.0,0.0,1.0
zambia,2009,1.0,0.0,0.0,2.0
zambia,2010,1.0,0.0,0.0,3.0
zambia,2011,1.0,0.0,0.0,4.0
zambia,2012,1.0,0.0,0.0,5.0
zambia,2013,1.0,0.0,0.0,6.0
zambia,2014,1.0,0.0,0.0,7.0
zambia,2015,1.0,0.0,0.0,8.0
zimbabwe,2000,0.0,0.0,0.0,36.0
zimbabwe,2001,0.0,0.0,0.0,37.0
zimbabwe,2002,0.0,0.0,0.0,38.0
zimbabwe,2003,0.0,0.0,0.0,39.0
zimbabwe,2004,0.0,0.0,0.0,40.0
zimbabwe,2005,0.0,0.0,0.0,41.0
zimbabwe,2006,0.0,0.0,0.0,42.0
zimbabwe,2007,0.0,0.0,0.0,43.0
zimbabwe,2008,0.0,0.0,0.0,44.0
zimbabwe,2009,0.0,0.0,0.0,45.0
zimbabwe,2010,0.0,0.0,0.0,46.0
zimbabwe,2011,0.0,0.0,0.0,47.0
zimbabwe,2012,0.0,0.0,0.0,48.0
zimbabwe,2013,0.0,0.0,0.0,49.0
zimbabwe,2014,0.0,0.0,0.0,50.0
zimbabwe,2015,0.0,0.0,0.0,51.0
malawi,2000,1.0,0.0,0.0,7.0
malawi,2001,1.0,0.0,0.0,8.0
malawi,2002,1.0,0.0,0.0,9.0
malawi,2003,1.0,0.0,0.0,10.0
malawi,2004,1.0,0.0,0.0,11.0
malawi,2005,1.0,0.0,0.0,12.0
malawi,2006,1.0,0.0,0.0,13.0
malawi,2007,1.0,0.0,0.0,14.0
malawi,2008,1.0,0.0,0.0,15.0
malawi,2009,1.0,0.0,0.0,16.0
malawi,2010,1.0,0.0,0.0,17.0
malawi,2011,1.0,0.0,0.0,18.0
malawi,2012,1.0,0.0,0.0,19.0
malawi,2013,1.0,0.0,0.0,20.0
malawi,2014,1.0,0.0,0.0,21.0
malawi,2015,1.0,0.0,0.0,22.0
south africa,2000,1.0,0.0,0.0,7.0
south africa,2001,1.0,0.0,0.0,8.0
south africa,2002,1.0,0.0,0.0,9.0
south africa,2003,1.0,0.0,0.0,10.0
south africa,2004,1.0,0.0,0.0,11.0
south africa,2005,1.0,0.0,0.0,12.0
south africa,2006,1.0,0.0,0.0,13.0
south africa,2007,1.0,0.0,0.0,14.0
south africa,2008,1.0,0.0,0.0,15.0
south africa,2009,1.0,0.0,0.0,16.0
south africa,2010,1.0,0.0,0.0,17.0
south africa,2011,1.0,0.0,0.0,18.0
south africa,2012,1.0,0.0,0.0,19.0
south africa,2013,1.0,0.0,0.0,20.0
south africa,2014,1.0,0.0,0.0,21.0
south africa,2015,1.0,0.0,0.0,22.0
namibia,2000,0.0,0.0,0.0,11.0
namibia,2001,0.0,0.0,0.0,12.0
namibia,2002,0.0,0.0,0.0,13.0
namibia,2003,0.0,0.0,0.0,14.0
namibia,2004,0.0,0.0,0.0,15.0
namibia,2005,0.0,0.0,0.0,16.0
namibia,2006,0.0,0.0,0.0,17.0
namibia,2007,0.0,0.0,0.0,18.0
namibia,2008,0.0,0.0,0.0,19.0
namibia,2009,0.0,0.0,0.0,20.0
namibia,2010,0.0,0.0,0.0,21.0
namibia,2011,0.0,0.0,0.0,22.0
namibia,2012,0.0,0.0,0.0,23.0
namibia,2013,0.0,0.0,0.0,24.0
namibia,2014,0.0,0.0,0.0,25.0
namibia,2015,0.0,0.0,0.0,26.0
lesotho,2000,0.0,0.0,0.0,35.0
lesotho,2001,0.0,0.0,0.0,36.0
lesotho,2002,1.0,1.0,0.0,1.0
lesotho,2003,1.0,0.0,0.0,2.0
lesotho,2004,1.0,0.0,0.0,3.0
lesotho,2005,1.0,0.0,0.0,4.0
lesotho,2006,1.0,0.0,0.0,5.0
lesotho,2007,1.0,0.0,0.0,6.0
lesotho,2008,1.0,0.0,0.0,7.0
lesotho,2009,1.0,0.0,0.0,8.0
lesotho,2010,1.0,0.0,0.0,9.0
lesotho,2011,1.0,0.0,0.0,10.0
lesotho,2012,1.0,0.0,0.0,11.0
lesotho,2013,1.0,0.0,0.0,12.0
lesotho,2014,1.0,0.0,0.0,13.0
lesotho,2015,1.0,0.0,0.0,14.0
botswana,2000,1.0,0.0,0.0,35.0
botswana,2001,1.0,0.0,0.0,36.0
botswana,2002,1.0,0.0,0.0,37.0
botswana,2003,1.0,0.0,0.0,38.0
botswana,2004,1.0,0.0,0.0,39.0
botswana,2005,1.0,0.0,0.0,40.0
botswana,2006,1.0,0.0,0.0,41.0
botswana,2007,1.0,0.0,0.0,42.0
botswana,2008,1.0,0.0,0.0,43.0
botswana,2009,1.0,0.0,0.0,44.0
botswana,2010,1.0,0.0,0.0,45.0
botswana,2011,1.0,0.0,0.0,46.0
botswana,2012,1.0,0.0,0.0,47.0
botswana,2013,1.0,0.0,0.0,48.0
botswana,2014,1.0,0.0,0.0,49.0
botswana,2015,1.0,0.0,0.0,50.0
swaziland,2000,0.0,0.0,0.0,33.0
swaziland,2001,0.0,0.0,0.0,34.0
swaziland,2002,0.0,0.0,0.0,35.0
swaziland,2003,0.0,0.0,0.0,36.0
swaziland,2004,0.0,0.0,0.0,37.0
swaziland,2005,0.0,0.0,0.0,38.0
swaziland,2006,0.0,0.0,0.0,39.0
swaziland,2007,0.0,0.0,0.0,40.0
swaziland,2008,0.0,0.0,0.0,41.0
swaziland,2009,0.0,0.0,0.0,42.0
swaziland,2010,0.0,0.0,0.0,43.0
swaziland,2011,0.0,0.0,0.0,44.0
swaziland,2012,0.0,0.0,0.0,45.0
swaziland,2013,0.0,0.0,0.0,46.0
swaziland,2014,0.0,0.0,0.0,47.0
swaziland,2015,0.0,0.0,0.0,48.0
madagascar,2000,1.0,0.0,0.0,8.0
madagascar,2001,1.0,0.0,0.0,9.0
madagascar,2002,1.0,0.0,0.0,10.0
madagascar,2003,1.0,0.0,0.0,11.0
madagascar,2004,1.0,0.0,0.0,12.0
madagascar,2005,1.0,0.0,0.0,13.0
madagascar,2006,1.0,0.0,0.0,14.0
madagascar,2007,1.0,0.0,0.0,15.0
madagascar,2008,1.0,0.0,0.0,16.0
madagascar,2009,0.0,-1.0,1.0,1.0
madagascar,2010,0.0,0.0,1.0,2.0
madagascar,2011,0.0,0.0,1.0,3.0
madagascar,2012,0.0,0.0,1.0,4.0
madagascar,2013,0.0,0.0,1.0,5.0
madagascar,2014,0.0,0.0,1.0,6.0
madagascar,2015,0.0,0.0,1.0,7.0
comoros,2000,0.0,0.0,0.0,26.0
comoros,2001,0.0,0.0,0.0,27.0
comoros,2002,0.0,0.0,0.0,28.0
comoros,2003,0.0,0.0,0.0,29.0
comoros,2004,0.0,0.0,0.0,30.0
comoros,2005,0.0,0.0,0.0,31.0
comoros,2006,1.0,1.0,0.0,1.0
comoros,2007,1.0,0.0,0.0,2.0
comoros,2008,1.0,0.0,0.0,3.0
comoros,2009,1.0,0.0,0.0,4.0
comoros,2010,1.0,0.0,0.0,5.0
comoros,2011,1.0,0.0,0.0,6.0
comoros,2012,1.0,0.0,0.0,7.0
comoros,2013,1.0,0.0,0.0,8.0
comoros,2014,1.0,0.0,0.0,9.0
comoros,2015,1.0,0.0,0.0,10.0
mauritius,2000,1.0,0.0,0.0,33.0
mauritius,2001,1.0,0.0,0.0,34.0
mauritius,2002,1.0,0.0,0.0,35.0
mauritius,2003,1.0,0.0,0.0,36.0
mauritius,2004,1.0,0.0,0.0,37.0
mauritius,2005,1.0,0.0,0.0,38.0
mauritius,2006,1.0,0.0,0.0,39.0
mauritius,2007,1.0,0.0,0.0,40.0
mauritius,2008,1.0,0.0,0.0,41.0
mauritius,2009,1.0,0.0,0.0,42.0
mauritius,2010,1.0,0.0,0.0,43.0
mauritius,2011,1.0,0.0,0.0,44.0
mauritius,2012,1.0,0.0,0.0,45.0
mauritius,2013,1.0,0.0,0.0,46.0
mauritius,2014,1.0,0.0,0.0,47.0
mauritius,2015,1.0,0.0,0.0,48.0
seychelles,2000,0.0,0.0,0.0,25.0
seychelles,2001,0.0,0.0,0.0,26.0
seychelles,2002,0.0,0.0,0.0,27.0
seychelles,2003,0.0,0.0,0.0,28.0
seychelles,2004,0.0,0.0,0.0,29.0
seychelles,2005,0.0,0.0,0.0,30.0
seychelles,2006,0.0,0.0,0.0,31.0
seychelles,2007,0.0,0.0,0.0,32.0
seychelles,2008,0.0,0.0,0.0,33.0
seychelles,2009,0.0,0.0,0.0,34.0
seychelles,2010,0.0,0.0,0.0,35.0
seychelles,2011,0.0,0.0,0.0,36.0
seychelles,2012,0.0,0.0,0.0,37.0
seychelles,2013,0.0,0.0,0.0,38.0
seychelles,2014,0.0,0.0,0.0,39.0
seychelles,2015,0.0,0.0,0.0,40.0
morocco,2000,0.0,0.0,0.0,45.0
morocco,2001,0.0,0.0,0.0,46.0
morocco,2002,0.0,0.0,0.0,47.0
morocco,2003,0.0,0.0,0.0,48.0
morocco,2004,0.0,0.0,0.0,49.0
morocco,2005,0.0,0.0,0.0,50.0
morocco,2006,0.0,0.0,0.0,51.0
morocco,2007,0.0,0.0,0.0,52.0
morocco,2008,0.0,0.0,0.0,53.0
morocco,2009,0.0,0.0,0.0,54.0
morocco,2010,0.0,0.0,0.0,55.0
morocco,2011,0.0,0.0,0.0,56.0
morocco,2012,0.0,0.0,0.0,57.0
morocco,2013,0.0,0.0,0.0,58.0
morocco,2014,0.0,0.0,0.0,59.0
morocco,2015,0.0,0.0,0.0,60.0
algeria,2000,0.0,0.0,0.0,39.0
algeria,2001,0.0,0.0,0.0,40.0
algeria,2002,0.0,0.0,0.0,41.0
algeria,2003,0.0,0.0,0.0,42.0
algeria,2004,0.0,0.0,0.0,43.0
algeria,2005,0.0,0.0,0.0,44.0
algeria,2006,0.0,0.0,0.0,45.0
algeria,2007,0.0,0.0,0.0,46.0
algeria,2008,0.0,0.0,0.0,47.0
algeria,2009,0.0,0.0,0.0,48.0
algeria,2010,0.0,0.0,0.0,49.0
algeria,2011,0.0,0.0,0.0,50.0
algeria,2012,0.0,0.0,0.0,51.0
algeria,2013,0.0,0.0,0.0,52.0
algeria,2014,0.0,0.0,0.0,53.0
algeria,2015,0.0,0.0,0.0,54.0
tunisia,2000,0.0,0.0,0.0,45.0
tunisia,2001,0.0,0.0,0.0,46.0
tunisia,2002,0.0,0.0,0.0,47.0
tunisia,2003,0.0,0.0,0.0,48.0
tunisia,2004,0.0,0.0,0.0,49.0
tunisia,2005,0.0,0.0,0.0,50.0
tunisia,2006,0.0,0.0,0.0,51.0
tunisia,2007,0.0,0.0,0.0,52.0
tunisia,2008,0.0,0.0,0.0,53.0
tunisia,2009,0.0,0.0,0.0,54.0
tunisia,2010,0.0,0.0,0.0,55.0
tunisia,2011,0.0,0.0,0.0,56.0
tunisia,2012,0.0,0.0,0.0,57.0
tunisia,2013,0.0,0.0,0.0,58.0
tunisia,2014,0.0,0.0,0.0,59.0
tunisia,2015,1.0,0.0,0.0,60.0
libya,2000,0.0,0.0,0.0,50.0
libya,2001,0.0,0.0,0.0,51.0
libya,2002,0.0,0.0,0.0,52.0
libya,2003,0.0,0.0,0.0,53.0
libya,2004,0.0,0.0,0.0,54.0
libya,2005,0.0,0.0,0.0,55.0
libya,2006,0.0,0.0,0.0,56.0
libya,2007,0.0,0.0,0.0,57.0
libya,2008,0.0,0.0,0.0,58.0
libya,2009,0.0,0.0,0.0,59.0
libya,2010,0.0,0.0,0.0,60.0
libya,2011,0.0,0.0,0.0,61.0
libya,2012,0.0,0.0,0.0,62.0
libya,2013,0.0,0.0,0.0,63.0
libya,2014,0.0,0.0,0.0,64.0
libya,2015,0.0,0.0,0.0,65.0
"sudan, north",2011,0.0,0.0,0.0,1.0
"sudan, north",2012,0.0,0.0,0.0,2.0
"sudan, north",2013,0.0,0.0,0.0,3.0
"sudan, north",2014,0.0,0.0,0.0,4.0
"sudan, north",2015,0.0,0.0,0.0,5.0
sudan,2000,0.0,0.0,3.0,12.0
sudan,2001,0.0,0.0,3.0,13.0
sudan,2002,0.0,0.0,3.0,14.0
sudan,2003,0.0,0.0,3.0,15.0
sudan,2004,0.0,0.0,3.0,16.0
sudan,2005,0.0,0.0,3.0,17.0
sudan,2006,0.0,0.0,3.0,18.0
sudan,2007,0.0,0.0,3.0,19.0
sudan,2008,0.0,0.0,3.0,20.0
sudan,2009,0.0,0.0,3.0,21.0
sudan,2010,0.0,0.0,3.0,22.0
"sudan, south",2011,0.0,0.0,0.0,1.0
"sudan, south",2012,0.0,0.0,0.0,2.0
"sudan, south",2013,0.0,0.0,0.0,3.0
"sudan, south",2014,0.0,0.0,0.0,4.0
"sudan, south",2015,0.0,0.0,0.0,5.0
iran,2000,0.0,0.0,0.0,201.0
iran,2001,0.0,0.0,0.0,202.0
iran,2002,0.0,0.0,0.0,203.0
iran,2003,0.0,0.0,0.0,204.0
iran,2004,0.0,0.0,0.0,205.0
iran,2005,0.0,0.0,0.0,206.0
iran,2006,0.0,0.0,0.0,207.0
iran,2007,0.0,0.0,0.0,208.0
iran,2008,0.0,0.0,0.0,209.0
iran,2009,0.0,0.0,0.0,210.0
iran,2010,0.0,0.0,0.0,211.0
iran,2011,0.0,0.0,0.0,212.0
iran,2012,0.0,0.0,0.0,213.0
iran,2013,0.0,0.0,0.0,214.0
iran,2014,0.0,0.0,0.0,215.0
iran,2015,0.0,0.0,0.0,216.0
turkey,2000,1.0,0.0,1.0,18.0
turkey,2001,1.0,0.0,1.0,19.0
turkey,2002,1.0,0.0,1.0,20.0
turkey,2003,1.0,0.0,1.0,21.0
turkey,2004,1.0,0.0,1.0,22.0
turkey,2005,1.0,0.0,1.0,23.0
turkey,2006,1.0,0.0,1.0,24.0
turkey,2007,1.0,0.0,1.0,25.0
turkey,2008,1.0,0.0,1.0,26.0
turkey,2009,1.0,0.0,1.0,27.0
turkey,2010,1.0,0.0,1.0,28.0
turkey,2011,1.0,0.0,1.0,29.0
turkey,2012,1.0,0.0,1.0,30.0
turkey,2013,1.0,0.0,1.0,31.0
turkey,2014,1.0,0.0,1.0,32.0
turkey,2015,1.0,0.0,1.0,33.0
iraq,2000,0.0,0.0,0.0,69.0
iraq,2001,0.0,0.0,0.0,70.0
iraq,2002,0.0,0.0,0.0,71.0
iraq,2003,0.0,0.0,0.0,72.0
iraq,2004,0.0,0.0,0.0,73.0
iraq,2005,0.0,0.0,0.0,74.0
iraq,2006,0.0,0.0,0.0,75.0
iraq,2007,0.0,0.0,0.0,76.0
iraq,2008,0.0,0.0,0.0,77.0
iraq,2009,0.0,0.0,0.0,78.0
iraq,2010,0.0,0.0,0.0,79.0
iraq,2011,0.0,0.0,0.0,80.0
iraq,2012,0.0,0.0,0.0,81.0
iraq,2013,0.0,0.0,0.0,82.0
iraq,2014,0.0,0.0,0.0,83.0
iraq,2015,0.0,0.0,0.0,84.0
egypt,2000,0.0,0.0,0.0,79.0
egypt,2001,0.0,0.0,0.0,80.0
egypt,2002,0.0,0.0,0.0,81.0
egypt,2003,0.0,0.0,0.0,82.0
egypt,2004,0.0,0.0,0.0,83.0
egypt,2005,0.0,0.0,0.0,84.0
egypt,2006,0.0,0.0,0.0,85.0
egypt,2007,0.0,0.0,0.0,86.0
egypt,2008,0.0,0.0,0.0,87.0
egypt,2009,0.0,0.0,0.0,88.0
egypt,2010,0.0,0.0,0.0,89.0
egypt,2011,0.0,0.0,0.0,90.0
egypt,2012,0.0,0.0,0.0,91.0
egypt,2013,0.0,0.0,0.0,92.0
egypt,2014,0.0,0.0,0.0,93.0
egypt,2015,0.0,0.0,0.0,94.0
syria,2000,0.0,0.0,0.0,57.0
syria,2001,0.0,0.0,0.0,58.0
syria,2002,0.0,0.0,0.0,59.0
syria,2003,0.0,0.0,0.0,60.0
syria,2004,0.0,0.0,0.0,61.0
syria,2005,0.0,0.0,0.0,62.0
syria,2006,0.0,0.0,0.0,63.0
syria,2007,0.0,0.0,0.0,64.0
syria,2008,0.0,0.0,0.0,65.0
syria,2009,0.0,0.0,0.0,66.0
syria,2010,0.0,0.0,0.0,67.0
syria,2011,0.0,0.0,0.0,68.0
syria,2012,0.0,0.0,0.0,69.0
syria,2013,0.0,0.0,0.0,70.0
syria,2014,0.0,0.0,0.0,71.0
syria,2015,0.0,0.0,0.0,72.0
lebanon,2000,0.0,0.0,1.0,25.0
lebanon,2001,0.0,0.0,1.0,26.0
lebanon,2002,0.0,0.0,1.0,27.0
lebanon,2003,0.0,0.0,1.0,28.0
lebanon,2004,0.0,0.0,1.0,29.0
lebanon,2005,0.0,0.0,1.0,30.0
lebanon,2006,0.0,0.0,1.0,31.0
lebanon,2007,0.0,0.0,1.0,32.0
lebanon,2008,0.0,0.0,1.0,33.0
lebanon,2009,0.0,0.0,1.0,34.0
lebanon,2010,0.0,0.0,1.0,35.0
lebanon,2011,0.0,0.0,1.0,36.0
lebanon,2012,0.0,0.0,1.0,37.0
lebanon,2013,0.0,0.0,1.0,38.0
lebanon,2014,0.0,0.0,1.0,39.0
lebanon,2015,0.0,0.0,1.0,40.0
jordan,2000,0.0,0.0,0.0,55.0
jordan,2001,0.0,0.0,0.0,56.0
jordan,2002,0.0,0.0,0.0,57.0
jordan,2003,0.0,0.0,0.0,58.0
jordan,2004,0.0,0.0,0.0,59.0
jordan,2005,0.0,0.0,0.0,60.0
jordan,2006,0.0,0.0,0.0,61.0
jordan,2007,0.0,0.0,0.0,62.0
jordan,2008,0.0,0.0,0.0,63.0
jordan,2009,0.0,0.0,0.0,64.0
jordan,2010,0.0,0.0,0.0,65.0
jordan,2011,0.0,0.0,0.0,66.0
jordan,2012,0.0,0.0,0.0,67.0
jordan,2013,0.0,0.0,0.0,68.0
jordan,2014,0.0,0.0,0.0,69.0
jordan,2015,0.0,0.0,0.0,70.0
israel,2000,1.0,0.0,0.0,53.0
israel,2001,1.0,0.0,0.0,54.0
israel,2002,1.0,0.0,0.0,55.0
israel,2003,1.0,0.0,0.0,56.0
israel,2004,1.0,0.0,0.0,57.0
israel,2005,1.0,0.0,0.0,58.0
israel,2006,1.0,0.0,0.0,59.0
israel,2007,1.0,0.0,0.0,60.0
israel,2008,1.0,0.0,0.0,61.0
israel,2009,1.0,0.0,0.0,62.0
israel,2010,1.0,0.0,0.0,63.0
israel,2011,1.0,0.0,0.0,64.0
israel,2012,1.0,0.0,0.0,65.0
israel,2013,1.0,0.0,0.0,66.0
israel,2014,1.0,0.0,0.0,67.0
israel,2015,1.0,0.0,0.0,68.0
saudi arabia,2000,0.0,0.0,0.0,75.0
saudi arabia,2001,0.0,0.0,0.0,76.0
saudi arabia,2002,0.0,0.0,0.0,77.0
saudi arabia,2003,0.0,0.0,0.0,78.0
saudi arabia,2004,0.0,0.0,0.0,79.0
saudi arabia,2005,0.0,0.0,0.0,80.0
saudi arabia,2006,0.0,0.0,0.0,81.0
saudi arabia,2007,0.0,0.0,0.0,82.0
saudi arabia,2008,0.0,0.0,0.0,83.0
saudi arabia,2009,0.0,0.0,0.0,84.0
saudi arabia,2010,0.0,0.0,0.0,85.0
saudi arabia,2011,0.0,0.0,0.0,86.0
saudi arabia,2012,0.0,0.0,0.0,87.0
saudi arabia,2013,0.0,0.0,0.0,88.0
saudi arabia,2014,0.0,0.0,0.0,89.0
saudi arabia,2015,0.0,0.0,0.0,90.0
yemen,2000,0.0,0.0,0.0,11.0
yemen,2001,0.0,0.0,0.0,12.0
yemen,2002,0.0,0.0,0.0,13.0
yemen,2003,0.0,0.0,0.0,14.0
yemen,2004,0.0,0.0,0.0,15.0
yemen,2005,0.0,0.0,0.0,16.0
yemen,2006,0.0,0.0,0.0,17.0
yemen,2007,0.0,0.0,0.0,18.0
yemen,2008,0.0,0.0,0.0,19.0
yemen,2009,0.0,0.0,0.0,20.0
yemen,2010,0.0,0.0,0.0,21.0
yemen,2011,0.0,0.0,0.0,22.0
yemen,2012,0.0,0.0,0.0,23.0
yemen,2013,0.0,0.0,0.0,24.0
yemen,2014,0.0,0.0,0.0,25.0
yemen,2015,0.0,0.0,0.0,26.0
kuwait,2000,0.0,0.0,0.0,40.0
kuwait,2001,0.0,0.0,0.0,41.0
kuwait,2002,0.0,0.0,0.0,42.0
kuwait,2003,0.0,0.0,0.0,43.0
kuwait,2004,0.0,0.0,0.0,44.0
kuwait,2005,0.0,0.0,0.0,45.0
kuwait,2006,0.0,0.0,0.0,46.0
kuwait,2007,0.0,0.0,0.0,47.0
kuwait,2008,0.0,0.0,0.0,48.0
kuwait,2009,0.0,0.0,0.0,49.0
kuwait,2010,0.0,0.0,0.0,50.0
kuwait,2011,0.0,0.0,0.0,51.0
kuwait,2012,0.0,0.0,0.0,52.0
kuwait,2013,0.0,0.0,0.0,53.0
kuwait,2014,0.0,0.0,0.0,54.0
kuwait,2015,0.0,0.0,0.0,55.0
bahrain,2000,0.0,0.0,0.0,30.0
bahrain,2001,0.0,0.0,0.0,31.0
bahrain,2002,0.0,0.0,0.0,32.0
bahrain,2003,0.0,0.0,0.0,33.0
bahrain,2004,0.0,0.0,0.0,34.0
bahrain,2005,0.0,0.0,0.0,35.0
bahrain,2006,0.0,0.0,0.0,36.0
bahrain,2007,0.0,0.0,0.0,37.0
bahrain,2008,0.0,0.0,0.0,38.0
bahrain,2009,0.0,0.0,0.0,39.0
bahrain,2010,0.0,0.0,0.0,40.0
bahrain,2011,0.0,0.0,0.0,41.0
bahrain,2012,0.0,0.0,0.0,42.0
bahrain,2013,0.0,0.0,0.0,43.0
bahrain,2014,0.0,0.0,0.0,44.0
bahrain,2015,0.0,0.0,0.0,45.0
qatar,2000,0.0,0.0,0.0,30.0
qatar,2001,0.0,0.0,0.0,31.0
qatar,2002,0.0,0.0,0.0,32.0
qatar,2003,0.0,0.0,0.0,33.0
qatar,2004,0.0,0.0,0.0,34.0
qatar,2005,0.0,0.0,0.0,35.0
qatar,2006,0.0,0.0,0.0,36.0
qatar,2007,0.0,0.0,0.0,37.0
qatar,2008,0.0,0.0,0.0,38.0
qatar,2009,0.0,0.0,0.0,39.0
qatar,2010,0.0,0.0,0.0,40.0
qatar,2011,0.0,0.0,0.0,41.0
qatar,2012,0.0,0.0,0.0,42.0
qatar,2013,0.0,0.0,0.0,43.0
qatar,2014,0.0,0.0,0.0,44.0
qatar,2015,0.0,0.0,0.0,45.0
united arab emirates,2000,0.0,0.0,0.0,30.0
united arab emirates,2001,0.0,0.0,0.0,31.0
united arab emirates,2002,0.0,0.0,0.0,32.0
united arab emirates,2003,0.0,0.0,0.0,33.0
united arab emirates,2004,0.0,0.0,0.0,34.0
united arab emirates,2005,0.0,0.0,0.0,35.0
united arab emirates,2006,0.0,0.0,0.0,36.0
united arab emirates,2007,0.0,0.0,0.0,37.0
united arab emirates,2008,0.0,0.0,0.0,38.0
united arab emirates,2009,0.0,0.0,0.0,39.0
united arab emirates,2010,0.0,0.0,0.0,40.0
united arab emirates,2011,0.0,0.0,0.0,41.0
united arab emirates,2012,0.0,0.0,0.0,42.0
united arab emirates,2013,0.0,0.0,0.0,43.0
united arab emirates,2014,0.0,0.0,0.0,44.0
united arab emirates,2015,0.0,0.0,0.0,45.0
oman,2000,0.0,0.0,0.0,201.0
oman,2001,0.0,0.0,0.0,202.0
oman,2002,0.0,0.0,0.0,203.0
oman,2003,0.0,0.0,0.0,204.0
oman,2004,0.0,0.0,0.0,205.0
oman,2005,0.0,0.0,0.0,206.0
oman,2006,0.0,0.0,0.0,207.0
oman,2007,0.0,0.0,0.0,208.0
oman,2008,0.0,0.0,0.0,209.0
oman,2009,0.0,0.0,0.0,210.0
oman,2010,0.0,0.0,0.0,211.0
oman,2011,0.0,0.0,0.0,212.0
oman,2012,0.0,0.0,0.0,213.0
oman,2013,0.0,0.0,0.0,214.0
oman,2014,0.0,0.0,0.0,215.0
oman,2015,0.0,0.0,0.0,216.0
afghanistan,2000,0.0,0.0,0.0,201.0
afghanistan,2001,0.0,0.0,0.0,202.0
afghanistan,2002,0.0,0.0,0.0,203.0
afghanistan,2003,0.0,0.0,0.0,204.0
afghanistan,2004,0.0,0.0,0.0,205.0
afghanistan,2005,0.0,0.0,0.0,206.0
afghanistan,2006,0.0,0.0,0.0,207.0
afghanistan,2007,0.0,0.0,0.0,208.0
afghanistan,2008,0.0,0.0,0.0,209.0
afghanistan,2009,0.0,0.0,0.0,210.0
afghanistan,2010,0.0,0.0,0.0,211.0
afghanistan,2011,0.0,0.0,0.0,212.0
afghanistan,2012,0.0,0.0,0.0,213.0
afghanistan,2013,0.0,0.0,0.0,214.0
afghanistan,2014,0.0,0.0,0.0,215.0
afghanistan,2015,0.0,0.0,0.0,216.0
turkmenistan,2000,0.0,0.0,0.0,10.0
turkmenistan,2001,0.0,0.0,0.0,11.0
turkmenistan,2002,0.0,0.0,0.0,12.0
turkmenistan,2003,0.0,0.0,0.0,13.0
turkmenistan,2004,0.0,0.0,0.0,14.0
turkmenistan,2005,0.0,0.0,0.0,15.0
turkmenistan,2006,0.0,0.0,0.0,16.0
turkmenistan,2007,0.0,0.0,0.0,17.0
turkmenistan,2008,0.0,0.0,0.0,18.0
turkmenistan,2009,0.0,0.0,0.0,19.0
turkmenistan,2010,0.0,0.0,0.0,20.0
turkmenistan,2011,0.0,0.0,0.0,21.0
turkmenistan,2012,0.0,0.0,0.0,22.0
turkmenistan,2013,0.0,0.0,0.0,23.0
turkmenistan,2014,0.0,0.0,0.0,24.0
turkmenistan,2015,0.0,0.0,0.0,25.0
tajikistan,2000,0.0,0.0,0.0,10.0
tajikistan,2001,0.0,0.0,0.0,11.0
tajikistan,2002,0.0,0.0,0.0,12.0
tajikistan,2003,0.0,0.0,0.0,13.0
tajikistan,2004,0.0,0.0,0.0,14.0
tajikistan,2005,0.0,0.0,0.0,15.0
tajikistan,2006,0.0,0.0,0.0,16.0
tajikistan,2007,0.0,0.0,0.0,17.0
tajikistan,2008,0.0,0.0,0.0,18.0
tajikistan,2009,0.0,0.0,0.0,19.0
tajikistan,2010,0.0,0.0,0.0,20.0
tajikistan,2011,0.0,0.0,0.0,21.0
tajikistan,2012,0.0,0.0,0.0,22.0
tajikistan,2013,0.0,0.0,0.0,23.0
tajikistan,2014,0.0,0.0,0.0,24.0
tajikistan,2015,0.0,0.0,0.0,25.0
kyrgyzstan,2000,0.0,0.0,0.0,10.0
kyrgyzstan,2001,0.0,0.0,0.0,11.0
kyrgyzstan,2002,0.0,0.0,0.0,12.0
kyrgyzstan,2003,0.0,0.0,0.0,13.0
kyrgyzstan,2004,0.0,0.0,0.0,14.0
kyrgyzstan,2005,0.0,0.0,0.0,15.0
kyrgyzstan,2006,0.0,0.0,0.0,16.0
kyrgyzstan,2007,0.0,0.0,0.0,17.0
kyrgyzstan,2008,0.0,0.0,0.0,18.0
kyrgyzstan,2009,0.0,0.0,0.0,19.0
kyrgyzstan,2010,0.0,0.0,0.0,20.0
kyrgyzstan,2011,0.0,0.0,0.0,21.0
kyrgyzstan,2012,0.0,0.0,0.0,22.0
kyrgyzstan,2013,0.0,0.0,0.0,23.0
kyrgyzstan,2014,0.0,0.0,0.0,24.0
kyrgyzstan,2015,0.0,0.0,0.0,25.0
uzbekistan,2000,0.0,0.0,0.0,10.0
uzbekistan,2001,0.0,0.0,0.0,11.0
uzbekistan,2002,0.0,0.0,0.0,12.0
uzbekistan,2003,0.0,0.0,0.0,13.0
uzbekistan,2004,0.0,0.0,0.0,14.0
uzbekistan,2005,0.0,0.0,0.0,15.0
uzbekistan,2006,0.0,0.0,0.0,16.0
uzbekistan,2007,0.0,0.0,0.0,17.0
uzbekistan,2008,0.0,0.0,0.0,18.0
uzbekistan,2009,0.0,0.0,0.0,19.0
uzbekistan,2010,0.0,0.0,0.0,20.0
uzbekistan,2011,0.0,0.0,0.0,21.0
uzbekistan,2012,0.0,0.0,0.0,22.0
uzbekistan,2013,0.0,0.0,0.0,23.0
uzbekistan,2014,0.0,0.0,0.0,24.0
uzbekistan,2015,0.0,0.0,0.0,25.0
kazakhstan,2000,0.0,0.0,0.0,10.0
kazakhstan,2001,0.0,0.0,0.0,11.0
kazakhstan,2002,0.0,0.0,0.0,12.0
kazakhstan,2003,0.0,0.0,0.0,13.0
kazakhstan,2004,0.0,0.0,0.0,14.0
kazakhstan,2005,0.0,0.0,0.0,15.0
kazakhstan,2006,0.0,0.0,0.0,16.0
kazakhstan,2007,0.0,0.0,0.0,17.0
kazakhstan,2008,0.0,0.0,0.0,18.0
kazakhstan,2009,0.0,0.0,0.0,19.0
kazakhstan,2010,0.0,0.0,0.0,20.0
kazakhstan,2011,0.0,0.0,0.0,21.0
kazakhstan,2012,0.0,0.0,0.0,22.0
kazakhstan,2013,0.0,0.0,0.0,23.0
kazakhstan,2014,0.0,0.0,0.0,24.0
kazakhstan,2015,0.0,0.0,0.0,25.0
china,2000,0.0,0.0,0.0,201.0
china,2001,0.0,0.0,0.0,202.0
china,2002,0.0,0.0,0.0,203.0
china,2003,0.0,0.0,0.0,204.0
china,2004,0.0,0.0,0.0,205.0
china,2005,0.0,0.0,0.0,206.0
china,2006,0.0,0.0,0.0,207.0
china,2007,0.0,0.0,0.0,208.0
china,2008,0.0,0.0,0.0,209.0
china,2009,0.0,0.0,0.0,210.0
china,2010,0.0,0.0,0.0,211.0
china,2011,0.0,0.0,0.0,212.0
china,2012,0.0,0.0,0.0,213.0
china,2013,0.0,0.0,0.0,214.0
china,2014,0.0,0.0,0.0,215.0
china,2015,0.0,0.0,0.0,216.0
mongolia,2000,1.0,0.0,0.0,11.0
mongolia,2001,1.0,0.0,0.0,12.0
mongolia,2002,1.0,0.0,0.0,13.0
mongolia,2003,1.0,0.0,0.0,14.0
mongolia,2004,1.0,0.0,0.0,15.0
mongolia,2005,1.0,0.0,0.0,16.0
mongolia,2006,1.0,0.0,0.0,17.0
mongolia,2007,1.0,0.0,0.0,18.0
mongolia,2008,1.0,0.0,0.0,19.0
mongolia,2009,1.0,0.0,0.0,20.0
mongolia,2010,1.0,0.0,0.0,21.0
mongolia,2011,1.0,0.0,0.0,22.0
mongolia,2012,1.0,0.0,0.0,23.0
mongolia,2013,1.0,0.0,0.0,24.0
mongolia,2014,1.0,0.0,0.0,25.0
mongolia,2015,1.0,0.0,0.0,26.0
taiwan,2000,1.0,0.0,0.0,5.0
taiwan,2001,1.0,0.0,0.0,6.0
taiwan,2002,1.0,0.0,0.0,7.0
taiwan,2003,1.0,0.0,0.0,8.0
taiwan,2004,1.0,0.0,0.0,9.0
taiwan,2005,1.0,0.0,0.0,10.0
taiwan,2006,1.0,0.0,0.0,11.0
taiwan,2007,1.0,0.0,0.0,12.0
taiwan,2008,1.0,0.0,0.0,13.0
taiwan,2009,1.0,0.0,0.0,14.0
taiwan,2010,1.0,0.0,0.0,15.0
taiwan,2011,1.0,0.0,0.0,16.0
taiwan,2012,1.0,0.0,0.0,17.0
taiwan,2013,1.0,0.0,0.0,18.0
taiwan,2014,1.0,0.0,0.0,19.0
taiwan,2015,1.0,0.0,0.0,20.0
"korea, north",2000,0.0,0.0,0.0,53.0
"korea, north",2001,0.0,0.0,0.0,54.0
"korea, north",2002,0.0,0.0,0.0,55.0
"korea, north",2003,0.0,0.0,0.0,56.0
"korea, north",2004,0.0,0.0,0.0,57.0
"korea, north",2005,0.0,0.0,0.0,58.0
"korea, north",2006,0.0,0.0,0.0,59.0
"korea, north",2007,0.0,0.0,0.0,60.0
"korea, north",2008,0.0,0.0,0.0,61.0
"korea, north",2009,0.0,0.0,0.0,62.0
"korea, north",2010,0.0,0.0,0.0,63.0
"korea, north",2011,0.0,0.0,0.0,64.0
"korea, north",2012,0.0,0.0,0.0,65.0
"korea, north",2013,0.0,0.0,0.0,66.0
"korea, north",2014,0.0,0.0,0.0,67.0
"korea, north",2015,0.0,0.0,0.0,68.0
"korea, south",2000,1.0,0.0,1.0,13.0
"korea, south",2001,1.0,0.0,1.0,14.0
"korea, south",2002,1.0,0.0,1.0,15.0
"korea, south",2003,1.0,0.0,1.0,16.0
"korea, south",2004,1.0,0.0,1.0,17.0
"korea, south",2005,1.0,0.0,1.0,18.0
"korea, south",2006,1.0,0.0,1.0,19.0
"korea, south",2007,1.0,0.0,1.0,20.0
"korea, south",2008,1.0,0.0,1.0,21.0
"korea, south",2009,1.0,0.0,1.0,22.0
"korea, south",2010,1.0,0.0,1.0,23.0
"korea, south",2011,1.0,0.0,1.0,24.0
"korea, south",2012,1.0,0.0,1.0,25.0
"korea, south",2013,1.0,0.0,1.0,26.0
"korea, south",2014,1.0,0.0,1.0,27.0
"korea, south",2015,1.0,0.0,1.0,28.0
japan,2000,1.0,0.0,0.0,49.0
japan,2001,1.0,0.0,0.0,50.0
japan,2002,1.0,0.0,0.0,51.0
japan,2003,1.0,0.0,0.0,52.0
japan,2004,1.0,0.0,0.0,53.0
japan,2005,1.0,0.0,0.0,54.0
japan,2006,1.0,0.0,0.0,55.0
japan,2007,1.0,0.0,0.0,56.0
japan,2008,1.0,0.0,0.0,57.0
japan,2009,1.0,0.0,0.0,58.0
japan,2010,1.0,0.0,0.0,59.0
japan,2011,1.0,0.0,0.0,60.0
japan,2012,1.0,0.0,0.0,61.0
japan,2013,1.0,0.0,0.0,62.0
japan,2014,1.0,0.0,0.0,63.0
japan,2015,1.0,0.0,0.0,64.0
india,2000,1.0,0.0,0.0,51.0
india,2001,1.0,0.0,0.0,52.0
india,2002,1.0,0.0,0.0,53.0
india,2003,1.0,0.0,0.0,54.0
india,2004,1.0,0.0,0.0,55.0
india,2005,1.0,0.0,0.0,56.0
india,2006,1.0,0.0,0.0,57.0
india,2007,1.0,0.0,0.0,58.0
india,2008,1.0,0.0,0.0,59.0
india,2009,1.0,0.0,0.0,60.0
india,2010,1.0,0.0,0.0,61.0
india,2011,1.0,0.0,0.0,62.0
india,2012,1.0,0.0,0.0,63.0
india,2013,1.0,0.0,0.0,64.0
india,2014,1.0,0.0,0.0,65.0
india,2015,1.0,0.0,0.0,66.0
bhutan,2000,0.0,0.0,0.0,94.0
bhutan,2001,0.0,0.0,0.0,95.0
bhutan,2002,0.0,0.0,0.0,96.0
bhutan,2003,0.0,0.0,0.0,97.0
bhutan,2004,0.0,0.0,0.0,98.0
bhutan,2005,0.0,0.0,0.0,99.0
bhutan,2006,0.0,0.0,0.0,100.0
bhutan,2007,0.0,0.0,0.0,101.0
bhutan,2008,0.0,0.0,0.0,102.0
bhutan,2009,0.0,0.0,0.0,103.0
bhutan,2010,0.0,0.0,0.0,104.0
bhutan,2011,0.0,0.0,0.0,105.0
bhutan,2012,0.0,0.0,0.0,106.0
bhutan,2013,0.0,0.0,0.0,107.0
bhutan,2014,0.0,0.0,0.0,108.0
bhutan,2015,0.0,0.0,0.0,109.0
pakistan,2000,0.0,0.0,2.0,2.0
pakistan,2001,0.0,0.0,2.0,3.0
pakistan,2002,0.0,0.0,2.0,4.0
pakistan,2003,0.0,0.0,2.0,5.0
pakistan,2004,0.0,0.0,2.0,6.0
pakistan,2005,0.0,0.0,2.0,7.0
pakistan,2006,0.0,0.0,2.0,8.0
pakistan,2007,0.0,0.0,2.0,9.0
pakistan,2008,1.0,1.0,2.0,1.0
pakistan,2009,1.0,0.0,2.0,2.0
pakistan,2010,1.0,0.0,2.0,3.0
pakistan,2011,1.0,0.0,2.0,4.0
pakistan,2012,1.0,0.0,2.0,5.0
pakistan,2013,1.0,0.0,2.0,6.0
pakistan,2014,1.0,0.0,2.0,7.0
pakistan,2015,1.0,0.0,2.0,8.0
bangladesh,2000,1.0,0.0,0.0,10.0
bangladesh,2001,1.0,0.0,0.0,11.0
bangladesh,2002,1.0,0.0,0.0,12.0
bangladesh,2003,1.0,0.0,0.0,13.0
bangladesh,2004,1.0,0.0,0.0,14.0
bangladesh,2005,1.0,0.0,0.0,15.0
bangladesh,2006,1.0,0.0,0.0,16.0
bangladesh,2007,0.0,-1.0,1.0,1.0
bangladesh,2008,0.0,0.0,1.0,2.0
bangladesh,2009,1.0,1.0,1.0,1.0
bangladesh,2010,1.0,0.0,1.0,2.0
bangladesh,2011,1.0,0.0,1.0,3.0
bangladesh,2012,1.0,0.0,1.0,4.0
bangladesh,2013,1.0,0.0,1.0,5.0
bangladesh,2014,0.0,0.0,1.0,6.0
bangladesh,2015,0.0,0.0,1.0,7.0
myanmar,2000,0.0,0.0,2.0,39.0
myanmar,2001,0.0,0.0,2.0,40.0
myanmar,2002,0.0,0.0,2.0,41.0
myanmar,2003,0.0,0.0,2.0,42.0
myanmar,2004,0.0,0.0,2.0,43.0
myanmar,2005,0.0,0.0,2.0,44.0
myanmar,2006,0.0,0.0,2.0,45.0
myanmar,2007,0.0,0.0,2.0,46.0
myanmar,2008,0.0,0.0,2.0,47.0
myanmar,2009,0.0,0.0,2.0,48.0
myanmar,2010,0.0,0.0,2.0,49.0
myanmar,2011,0.0,0.0,2.0,50.0
myanmar,2012,0.0,0.0,2.0,51.0
myanmar,2013,0.0,0.0,2.0,52.0
myanmar,2014,0.0,0.0,2.0,53.0
myanmar,2015,0.0,0.0,2.0,54.0
sri lanka,2000,1.0,0.0,1.0,10.0
sri lanka,2001,1.0,0.0,1.0,11.0
sri lanka,2002,1.0,0.0,1.0,12.0
sri lanka,2003,1.0,0.0,1.0,13.0
sri lanka,2004,1.0,0.0,1.0,14.0
sri lanka,2005,1.0,0.0,1.0,15.0
sri lanka,2006,1.0,0.0,1.0,16.0
sri lanka,2007,1.0,0.0,1.0,17.0
sri lanka,2008,1.0,0.0,1.0,18.0
sri lanka,2009,1.0,0.0,1.0,19.0
sri lanka,2010,0.0,-1.0,2.0,1.0
sri lanka,2011,0.0,0.0,2.0,2.0
sri lanka,2012,0.0,0.0,2.0,3.0
sri lanka,2013,0.0,0.0,2.0,4.0
sri lanka,2014,0.0,0.0,2.0,5.0
sri lanka,2015,0.0,0.0,2.0,6.0
maldives,2000,0.0,0.0,0.0,35.0
maldives,2001,0.0,0.0,0.0,36.0
maldives,2002,0.0,0.0,0.0,37.0
maldives,2003,0.0,0.0,0.0,38.0
maldives,2004,0.0,0.0,0.0,39.0
maldives,2005,0.0,0.0,0.0,40.0
maldives,2006,0.0,0.0,0.0,41.0
maldives,2007,0.0,0.0,0.0,42.0
maldives,2008,0.0,0.0,0.0,43.0
maldives,2009,1.0,1.0,0.0,1.0
maldives,2010,1.0,0.0,0.0,2.0
maldives,2011,1.0,0.0,0.0,3.0
maldives,2012,0.0,0.0,0.0,4.0
maldives,2013,0.0,0.0,0.0,5.0
maldives,2014,0.0,0.0,0.0,6.0
maldives,2015,0.0,0.0,0.0,7.0
nepal,2000,1.0,0.0,0.0,10.0
nepal,2001,1.0,0.0,0.0,11.0
nepal,2002,0.0,-1.0,1.0,1.0
nepal,2003,0.0,0.0,1.0,2.0
nepal,2004,0.0,0.0,1.0,3.0
nepal,2005,0.0,0.0,1.0,4.0
nepal,2006,0.0,0.0,1.0,5.0
nepal,2007,0.0,0.0,1.0,6.0
nepal,2008,1.0,1.0,1.0,1.0
nepal,2009,1.0,0.0,1.0,2.0
nepal,2010,1.0,0.0,1.0,3.0
nepal,2011,1.0,0.0,1.0,4.0
nepal,2012,1.0,0.0,1.0,5.0
nepal,2013,1.0,0.0,1.0,6.0
nepal,2014,1.0,0.0,1.0,7.0
nepal,2015,1.0,0.0,1.0,8.0
thailand,2000,1.0,0.0,2.0,9.0
thailand,2001,1.0,0.0,2.0,10.0
thailand,2002,1.0,0.0,2.0,11.0
thailand,2003,1.0,0.0,2.0,12.0
thailand,2004,1.0,0.0,2.0,13.0
thailand,2005,1.0,0.0,2.0,14.0
thailand,2006,0.0,-1.0,3.0,1.0
thailand,2007,0.0,0.0,3.0,2.0
thailand,2008,0.0,0.0,3.0,3.0
thailand,2009,0.0,0.0,3.0,4.0
thailand,2010,0.0,0.0,3.0,5.0
thailand,2011,1.0,0.0,3.0,6.0
thailand,2012,1.0,0.0,3.0,7.0
thailand,2013,1.0,0.0,3.0,8.0
thailand,2014,0.0,0.0,3.0,9.0
thailand,2015,0.0,0.0,3.0,10.0
cambodia,2000,0.0,0.0,0.0,46.0
cambodia,2001,0.0,0.0,0.0,47.0
cambodia,2002,0.0,0.0,0.0,48.0
cambodia,2003,0.0,0.0,0.0,49.0
cambodia,2004,0.0,0.0,0.0,50.0
cambodia,2005,0.0,0.0,0.0,51.0
cambodia,2006,0.0,0.0,0.0,52.0
cambodia,2007,0.0,0.0,0.0,53.0
cambodia,2008,0.0,0.0,0.0,54.0
cambodia,2009,0.0,0.0,0.0,55.0
cambodia,2010,0.0,0.0,0.0,56.0
cambodia,2011,0.0,0.0,0.0,57.0
cambodia,2012,0.0,0.0,0.0,58.0
cambodia,2013,0.0,0.0,0.0,59.0
cambodia,2014,0.0,0.0,0.0,60.0
cambodia,2015,0.0,0.0,0.0,61.0
laos,2000,0.0,0.0,1.0,42.0
laos,2001,0.0,0.0,1.0,43.0
laos,2002,0.0,0.0,1.0,44.0
laos,2003,0.0,0.0,1.0,45.0
laos,2004,0.0,0.0,1.0,46.0
laos,2005,0.0,0.0,1.0,47.0
laos,2006,0.0,0.0,1.0,48.0
laos,2007,0.0,0.0,1.0,49.0
laos,2008,0.0,0.0,1.0,50.0
laos,2009,0.0,0.0,1.0,51.0
laos,2010,0.0,0.0,1.0,52.0
laos,2011,0.0,0.0,1.0,53.0
laos,2012,0.0,0.0,1.0,54.0
laos,2013,0.0,0.0,1.0,55.0
laos,2014,0.0,0.0,1.0,56.0
laos,2015,0.0,0.0,1.0,57.0
vietnam,2000,0.0,0.0,0.0,25.0
vietnam,2001,0.0,0.0,0.0,26.0
vietnam,2002,0.0,0.0,0.0,27.0
vietnam,2003,0.0,0.0,0.0,28.0
vietnam,2004,0.0,0.0,0.0,29.0
vietnam,2005,0.0,0.0,0.0,30.0
vietnam,2006,0.0,0.0,0.0,31.0
vietnam,2007,0.0,0.0,0.0,32.0
vietnam,2008,0.0,0.0,0.0,33.0
vietnam,2009,0.0,0.0,0.0,34.0
vietnam,2010,0.0,0.0,0.0,35.0
vietnam,2011,0.0,0.0,0.0,36.0
vietnam,2012,0.0,0.0,0.0,37.0
vietnam,2013,0.0,0.0,0.0,38.0
vietnam,2014,0.0,0.0,0.0,39.0
vietnam,2015,0.0,0.0,0.0,40.0
malaysia,2000,0.0,0.0,0.0,44.0
malaysia,2001,0.0,0.0,0.0,45.0
malaysia,2002,0.0,0.0,0.0,46.0
malaysia,2003,0.0,0.0,0.0,47.0
malaysia,2004,0.0,0.0,0.0,48.0
malaysia,2005,0.0,0.0,0.0,49.0
malaysia,2006,0.0,0.0,0.0,50.0
malaysia,2007,0.0,0.0,0.0,51.0
malaysia,2008,0.0,0.0,0.0,52.0
malaysia,2009,0.0,0.0,0.0,53.0
malaysia,2010,0.0,0.0,0.0,54.0
malaysia,2011,0.0,0.0,0.0,55.0
malaysia,2012,0.0,0.0,0.0,56.0
malaysia,2013,0.0,0.0,0.0,57.0
malaysia,2014,0.0,0.0,0.0,58.0
malaysia,2015,0.0,0.0,0.0,59.0
singapore,2000,0.0,0.0,0.0,36.0
singapore,2001,0.0,0.0,0.0,37.0
singapore,2002,0.0,0.0,0.0,38.0
singapore,2003,0.0,0.0,0.0,39.0
singapore,2004,0.0,0.0,0.0,40.0
singapore,2005,0.0,0.0,0.0,41.0
singapore,2006,0.0,0.0,0.0,42.0
singapore,2007,0.0,0.0,0.0,43.0
singapore,2008,0.0,0.0,0.0,44.0
singapore,2009,0.0,0.0,0.0,45.0
singapore,2010,0.0,0.0,0.0,46.0
singapore,2011,0.0,0.0,0.0,47.0
singapore,2012,0.0,0.0,0.0,48.0
singapore,2013,0.0,0.0,0.0,49.0
singapore,2014,0.0,0.0,0.0,50.0
singapore,2015,0.0,0.0,0.0,51.0
brunei,2000,0.0,0.0,0.0,16.0
brunei,2001,0.0,0.0,0.0,17.0
brunei,2002,0.0,0.0,0.0,18.0
brunei,2003,0.0,0.0,0.0,19.0
brunei,2004,0.0,0.0,0.0,20.0
brunei,2005,0.0,0.0,0.0,21.0
brunei,2006,0.0,0.0,0.0,22.0
brunei,2007,0.0,0.0,0.0,23.0
brunei,2008,0.0,0.0,0.0,24.0
brunei,2009,0.0,0.0,0.0,25.0
brunei,2010,0.0,0.0,0.0,26.0
brunei,2011,0.0,0.0,0.0,27.0
brunei,2012,0.0,0.0,0.0,28.0
brunei,2013,0.0,0.0,0.0,29.0
brunei,2014,0.0,0.0,0.0,30.0
brunei,2015,0.0,0.0,0.0,31.0
philippines,2000,1.0,0.0,1.0,15.0
philippines,2001,1.0,0.0,1.0,16.0
philippines,2002,1.0,0.0,1.0,17.0
philippines,2003,1.0,0.0,1.0,18.0
philippines,2004,1.0,0.0,1.0,19.0
philippines,2005,1.0,0.0,1.0,20.0
philippines,2006,1.0,0.0,1.0,21.0
philippines,2007,1.0,0.0,1.0,22.0
philippines,2008,1.0,0.0,1.0,23.0
philippines,2009,1.0,0.0,1.0,24.0
philippines,2010,1.0,0.0,1.0,25.0
philippines,2011,1.0,0.0,1.0,26.0
philippines,2012,1.0,0.0,1.0,27.0
philippines,2013,1.0,0.0,1.0,28.0
philippines,2014,1.0,0.0,1.0,29.0
philippines,2015,1.0,0.0,1.0,30.0
indonesia,2000,1.0,0.0,1.0,2.0
indonesia,2001,1.0,0.0,1.0,3.0
indonesia,2002,1.0,0.0,1.0,4.0
indonesia,2003,1.0,0.0,1.0,5.0
indonesia,2004,1.0,0.0,1.0,6.0
indonesia,2005,1.0,0.0,1.0,7.0
indonesia,2006,1.0,0.0,1.0,8.0
indonesia,2007,1.0,0.0,1.0,9.0
indonesia,2008,1.0,0.0,1.0,10.0
indonesia,2009,1.0,0.0,1.0,11.0
indonesia,2010,1.0,0.0,1.0,12.0
indonesia,2011,1.0,0.0,1.0,13.0
indonesia,2012,1.0,0.0,1.0,14.0
indonesia,2013,1.0,0.0,1.0,15.0
indonesia,2014,1.0,0.0,1.0,16.0
indonesia,2015,1.0,0.0,1.0,17.0
east timor,2002,1.0,0.0,0.0,1.0
east timor,2003,1.0,0.0,0.0,2.0
east timor,2004,1.0,0.0,0.0,3.0
east timor,2005,1.0,0.0,0.0,4.0
east timor,2006,1.0,0.0,0.0,5.0
east timor,2007,1.0,0.0,0.0,6.0
east timor,2008,1.0,0.0,0.0,7.0
east timor,2009,1.0,0.0,0.0,8.0
east timor,2010,1.0,0.0,0.0,9.0
east timor,2011,1.0,0.0,0.0,10.0
east timor,2012,1.0,0.0,0.0,11.0
east timor,2013,1.0,0.0,0.0,12.0
east timor,2014,1.0,0.0,0.0,13.0
east timor,2015,1.0,0.0,0.0,14.0
australia,2000,1.0,0.0,0.0,100.0
australia,2001,1.0,0.0,0.0,101.0
australia,2002,1.0,0.0,0.0,102.0
australia,2003,1.0,0.0,0.0,103.0
australia,2004,1.0,0.0,0.0,104.0
australia,2005,1.0,0.0,0.0,105.0
australia,2006,1.0,0.0,0.0,106.0
australia,2007,1.0,0.0,0.0,107.0
australia,2008,1.0,0.0,0.0,108.0
australia,2009,1.0,0.0,0.0,109.0
australia,2010,1.0,0.0,0.0,110.0
australia,2011,1.0,0.0,0.0,111.0
australia,2012,1.0,0.0,0.0,112.0
australia,2013,1.0,0.0,0.0,113.0
australia,2014,1.0,0.0,0.0,114.0
australia,2015,1.0,0.0,0.0,115.0
papua new guinea,2000,1.0,0.0,0.0,26.0
papua new guinea,2001,1.0,0.0,0.0,27.0
papua new guinea,2002,1.0,0.0,0.0,28.0
papua new guinea,2003,1.0,0.0,0.0,29.0
papua new guinea,2004,1.0,0.0,0.0,30.0
papua new guinea,2005,1.0,0.0,0.0,31.0
papua new guinea,2006,1.0,0.0,0.0,32.0
papua new guinea,2007,1.0,0.0,0.0,33.0
papua new guinea,2008,1.0,0.0,0.0,34.0
papua new guinea,2009,1.0,0.0,0.0,35.0
papua new guinea,2010,1.0,0.0,0.0,36.0
papua new guinea,2011,1.0,0.0,0.0,37.0
papua new guinea,2012,1.0,0.0,0.0,38.0
papua new guinea,2013,1.0,0.0,0.0,39.0
papua new guinea,2014,1.0,0.0,0.0,40.0
papua new guinea,2015,1.0,0.0,0.0,41.0
new zealand,2000,1.0,0.0,0.0,144.0
new zealand,2001,1.0,0.0,0.0,145.0
new zealand,2002,1.0,0.0,0.0,146.0
new zealand,2003,1.0,0.0,0.0,147.0
new zealand,2004,1.0,0.0,0.0,148.0
new zealand,2005,1.0,0.0,0.0,149.0
new zealand,2006,1.0,0.0,0.0,150.0
new zealand,2007,1.0,0.0,0.0,151.0
new zealand,2008,1.0,0.0,0.0,152.0
new zealand,2009,1.0,0.0,0.0,153.0
new zealand,2010,1.0,0.0,0.0,154.0
new zealand,2011,1.0,0.0,0.0,155.0
new zealand,2012,1.0,0.0,0.0,156.0
new zealand,2013,1.0,0.0,0.0,157.0
new zealand,2014,1.0,0.0,0.0,158.0
new zealand,2015,1.0,0.0,0.0,159.0
vanuatu,2000,1.0,0.0,0.0,21.0
vanuatu,2001,1.0,0.0,0.0,22.0
vanuatu,2002,1.0,0.0,0.0,23.0
vanuatu,2003,1.0,0.0,0.0,24.0
vanuatu,2004,1.0,0.0,0.0,25.0
vanuatu,2005,1.0,0.0,0.0,26.0
vanuatu,2006,1.0,0.0,0.0,27.0
vanuatu,2007,1.0,0.0,0.0,28.0
vanuatu,2008,1.0,0.0,0.0,29.0
vanuatu,2009,1.0,0.0,0.0,30.0
vanuatu,2010,1.0,0.0,0.0,31.0
vanuatu,2011,1.0,0.0,0.0,32.0
vanuatu,2012,1.0,0.0,0.0,33.0
vanuatu,2013,1.0,0.0,0.0,34.0
vanuatu,2014,1.0,0.0,0.0,35.0
vanuatu,2015,1.0,0.0,0.0,36.0
solomon islands,2000,0.0,-1.0,1.0,1.0
solomon islands,2001,0.0,0.0,1.0,2.0
solomon islands,2002,0.0,0.0,1.0,3.0
solomon islands,2003,0.0,0.0,1.0,4.0
solomon islands,2004,0.0,0.0,1.0,5.0
solomon islands,2005,0.0,0.0,1.0,6.0
solomon islands,2006,1.0,1.0,1.0,1.0
solomon islands,2007,1.0,0.0,1.0,2.0
solomon islands,2008,1.0,0.0,1.0,3.0
solomon islands,2009,1.0,0.0,1.0,4.0
solomon islands,2010,1.0,0.0,1.0,5.0
solomon islands,2011,1.0,0.0,1.0,6.0
solomon islands,2012,1.0,0.0,1.0,7.0
solomon islands,2013,1.0,0.0,1.0,8.0
solomon islands,2014,1.0,0.0,1.0,9.0
solomon islands,2015,1.0,0.0,1.0,10.0
kiribati,2000,1.0,0.0,0.0,4.0
kiribati,2001,1.0,0.0,0.0,5.0
kiribati,2002,1.0,0.0,0.0,6.0
kiribati,2003,1.0,0.0,0.0,7.0
kiribati,2004,1.0,0.0,0.0,8.0
kiribati,2005,1.0,0.0,0.0,9.0
kiribati,2006,1.0,0.0,0.0,10.0
kiribati,2007,1.0,0.0,0.0,11.0
kiribati,2008,1.0,0.0,0.0,12.0
kiribati,2009,1.0,0.0,0.0,13.0
kiribati,2010,1.0,0.0,0.0,14.0
kiribati,2011,1.0,0.0,0.0,15.0
kiribati,2012,1.0,0.0,0.0,16.0
kiribati,2013,1.0,0.0,0.0,17.0
kiribati,2014,1.0,0.0,0.0,18.0
kiribati,2015,1.0,0.0,0.0,19.0
tuvalu,2000,1.0,0.0,0.0,23.0
tuvalu,2001,1.0,0.0,0.0,24.0
tuvalu,2002,1.0,0.0,0.0,25.0
tuvalu,2003,1.0,0.0,0.0,26.0
tuvalu,2004,1.0,0.0,0.0,27.0
tuvalu,2005,1.0,0.0,0.0,28.0
tuvalu,2006,1.0,0.0,0.0,29.0
tuvalu,2007,1.0,0.0,0.0,30.0
tuvalu,2008,1.0,0.0,0.0,31.0
tuvalu,2009,1.0,0.0,0.0,32.0
tuvalu,2010,1.0,0.0,0.0,33.0
tuvalu,2011,1.0,0.0,0.0,34.0
tuvalu,2012,1.0,0.0,0.0,35.0
tuvalu,2013,1.0,0.0,0.0,36.0
tuvalu,2014,1.0,0.0,0.0,37.0
tuvalu,2015,1.0,0.0,0.0,38.0
fiji,2000,0.0,0.0,1.0,14.0
fiji,2001,0.0,0.0,1.0,15.0
fiji,2002,0.0,0.0,1.0,16.0
fiji,2003,0.0,0.0,1.0,17.0
fiji,2004,0.0,0.0,1.0,18.0
fiji,2005,0.0,0.0,1.0,19.0
fiji,2006,0.0,0.0,1.0,20.0
fiji,2007,0.0,0.0,1.0,21.0
fiji,2008,0.0,0.0,1.0,22.0
fiji,2009,0.0,0.0,1.0,23.0
fiji,2010,0.0,0.0,1.0,24.0
fiji,2011,0.0,0.0,1.0,25.0
fiji,2012,0.0,0.0,1.0,26.0
fiji,2013,0.0,0.0,1.0,27.0
fiji,2014,1.0,0.0,1.0,28.0
fiji,2015,1.0,0.0,1.0,29.0
tonga,2000,0.0,0.0,0.0,31.0
tonga,2001,0.0,0.0,0.0,32.0
tonga,2002,0.0,0.0,0.0,33.0
tonga,2003,0.0,0.0,0.0,34.0
tonga,2004,0.0,0.0,0.0,35.0
tonga,2005,0.0,0.0,0.0,36.0
tonga,2006,0.0,0.0,0.0,37.0
tonga,2007,0.0,0.0,0.0,38.0
tonga,2008,0.0,0.0,0.0,39.0
tonga,2009,0.0,0.0,0.0,40.0
tonga,2010,0.0,0.0,0.0,41.0
tonga,2011,0.0,0.0,0.0,42.0
tonga,2012,0.0,0.0,0.0,43.0
tonga,2013,0.0,0.0,0.0,44.0
tonga,2014,0.0,0.0,0.0,45.0
tonga,2015,0.0,0.0,0.0,46.0
nauru,2000,1.0,0.0,0.0,33.0
nauru,2001,1.0,0.0,0.0,34.0
nauru,2002,1.0,0.0,0.0,35.0
nauru,2003,1.0,0.0,0.0,36.0
nauru,2004,1.0,0.0,0.0,37.0
nauru,2005,1.0,0.0,0.0,38.0
nauru,2006,1.0,0.0,0.0,39.0
nauru,2007,1.0,0.0,0.0,40.0
nauru,2008,1.0,0.0,0.0,41.0
nauru,2009,1.0,0.0,0.0,42.0
nauru,2010,1.0,0.0,0.0,43.0
nauru,2011,1.0,0.0,0.0,44.0
nauru,2012,1.0,0.0,0.0,45.0
nauru,2013,1.0,0.0,0.0,46.0
nauru,2014,1.0,0.0,0.0,47.0
nauru,2015,1.0,0.0,0.0,48.0
marshall islands,2000,1.0,0.0,0.0,9.0
marshall islands,2001,1.0,0.0,0.0,10.0
marshall islands,2002,1.0,0.0,0.0,11.0
marshall islands,2003,1.0,0.0,0.0,12.0
marshall islands,2004,1.0,0.0,0.0,13.0
marshall islands,2005,1.0,0.0,0.0,14.0
marshall islands,2006,1.0,0.0,0.0,15.0
marshall islands,2007,1.0,0.0,0.0,16.0
marshall islands,2008,1.0,0.0,0.0,17.0
marshall islands,2009,1.0,0.0,0.0,18.0
marshall islands,2010,1.0,0.0,0.0,19.0
marshall islands,2011,1.0,0.0,0.0,20.0
marshall islands,2012,1.0,0.0,0.0,21.0
marshall islands,2013,1.0,0.0,0.0,22.0
marshall islands,2014,1.0,0.0,0.0,23.0
marshall islands,2015,1.0,0.0,0.0,24.0
palau,2000,1.0,0.0,0.0,6.0
palau,2001,1.0,0.0,0.0,7.0
palau,2002,1.0,0.0,0.0,8.0
palau,2003,1.0,0.0,0.0,9.0
palau,2004,1.0,0.0,0.0,10.0
palau,2005,1.0,0.0,0.0,11.0
palau,2006,1.0,0.0,0.0,12.0
palau,2007,1.0,0.0,0.0,13.0
palau,2008,1.0,0.0,0.0,14.0
palau,2009,1.0,0.0,0.0,15.0
palau,2010,1.0,0.0,0.0,16.0
palau,2011,1.0,0.0,0.0,17.0
palau,2012,1.0,0.0,0.0,18.0
palau,2013,1.0,0.0,0.0,19.0
palau,2014,1.0,0.0,0.0,20.0
palau,2015,1.0,0.0,0.0,21.0
"micronesia, fed.",2000,1.0,0.0,0.0,9.0
"micronesia, fed.",2001,1.0,0.0,0.0,10.0
"micronesia, fed.",2002,1.0,0.0,0.0,11.0
"micronesia, fed.",2003,1.0,0.0,0.0,12.0
"micronesia, fed.",2004,1.0,0.0,0.0,13.0
"micronesia, fed.",2005,1.0,0.0,0.0,14.0
"micronesia, fed.",2006,1.0,0.0,0.0,15.0
"micronesia, fed.",2007,1.0,0.0,0.0,16.0
"micronesia, fed.",2008,1.0,0.0,0.0,17.0
"micronesia, fed.",2009,1.0,0.0,0.0,18.0
"micronesia, fed.",2010,1.0,0.0,0.0,19.0
"micronesia, fed.",2011,1.0,0.0,0.0,20.0
"micronesia, fed.",2012,1.0,0.0,0.0,21.0
"micronesia, fed.",2013,1.0,0.0,0.0,22.0
"micronesia, fed.",2014,1.0,0.0,0.0,23.0
"micronesia, fed.",2015,1.0,0.0,0.0,24.0
samoa (western),2000,0.0,0.0,0.0,39.0
samoa (western),2001,0.0,0.0,0.0,40.0
samoa (western),2002,0.0,0.0,0.0,41.0
samoa (western),2003,0.0,0.0,0.0,42.0
samoa (western),2004,0.0,0.0,0.0,43.0
samoa (western),2005,0.0,0.0,0.0,44.0
samoa (western),2006,0.0,0.0,0.0,45.0
samoa (western),2007,0.0,0.0,0.0,46.0
samoa (western),2008,0.0,0.0,0.0,47.0
samoa (western),2009,0.0,0.0,0.0,48.0
samoa (western),2010,0.0,0.0,0.0,49.0
samoa (western),2011,0.0,0.0,0.0,50.0
samoa (western),2012,0.0,0.0,0.0,51.0
samoa (western),2013,0.0,0.0,0.0,52.0
samoa (western),2014,0.0,0.0,0.0,53.0
samoa (western),2015,0.0,0.0,0.0,54.0
